peak.id	seqnames	start	end	summit	width	strand	CRX_Corbo	N50	HDmono	HDdimer	NRL	AP1	annotation	wt.FASTA	mutD.FASTA	mutM.FASTA	mutDM.FASTA
peak.742	chr10	50707955.0	50708088.0	50708022.0	134.0	+	1	0	0	2	1	1	KGain	CAAGATGAAATTGACCCTGATAATTATATTACTTTAAATCTCTTTTACCACTAATACTATTAAATCCGTATTATGTTTTGATGAAGCAGTTTTCAGATAGATTTCTATGTCCAGTATTTTGCTGTGTTTGTTTT	CAAGATGAAATTGACCCTGATACTTATAGTACTTTAAATCTCTTTTACCACTACTACTAGTAAATCCGTATTATGTTTTGATGAAGCAGTTTTCAGATAGATTTCTATGTCCAGTATTTTGCTGTGTTTGTTTT	CAAGATGAAATTGACCCTGATAATTATATTACTTTAAATCTCTTTTACCACTAATACTATTAAATCCGTAGTATGTTTTGATGAAGCAGTTTTCAGATAGATTTCTATGTCCAGTATTTTGCTGTGTTTGTTTT	CAAGATGAAATTGACCCTGATACTTATAGTACTTTAAATCTCTTTTACCACTACTACTAGTAAATCCGTAGTATGTTTTGATGAAGCAGTTTTCAGATAGATTTCTATGTCCAGTATTTTGCTGTGTTTGTTTT
peak.972	chr10	101815879.0	101816012.0	101815946.0	134.0	+	2	2	2	1	1	0	KGain	GATTAGTGCTGAGAGATAATCGTGTTGGATTATCATTTTATTCAAATAATACTATTATTCCATTTTAGAGTTCTTAATTAAGCCACATTTGCATGTCTATGAAAAATTAACTTGATCCATATGAATTTCTGGGC	GATTAGTGCTGAGAGATAATCGTGTTGGATTATCATTTTATTCAAATACTACTAGTATTCCATTTTAGAGTTCTTAATTAAGCCACATTTGCATGTCTATGAAAAATTAACTTGATCCATATGAATTTCTGGGC	GATTAGTGCTGAGAGATAATCGTGTTGGAGTATCATTTTATTCAAATAATACTATTATTCCATTTTAGAGTTCTTAAGTAAGCCACATTTGCATGTCTATGAAAAAGTAACTTGATCCATATGAATTTCTGGGC	GATTAGTGCTGAGAGATAATCGTGTTGGAGTATCATTTTATTCAAATACTACTAGTATTCCATTTTAGAGTTCTTAAGTAAGCCACATTTGCATGTCTATGAAAAAGTAACTTGATCCATATGAATTTCTGGGC
peak.1735	chr11	107241384.0	107241517.0	107241451.0	134.0	+	1	2	0	1	0	2	KGain	AAGATCTTGGCCCAGCTACAGGAGAGCTTGCATCTGGGAAGTAATACTATTAGCCACATTAGATGAGATATAACGTCTCCATGATTAATTACACCTCCAGTCAGAATCACAAAGGACAATAGCCAACAGGGGCT	AAGATCTTGGCCCAGCTACAGGAGAGCTTGCATCTGGGAAGTACTACTAGTAGCCACATTAGATGAGATATAACGTCTCCATGATTAATTACACCTCCAGTCAGAATCACAAAGGACAATAGCCAACAGGGGCT	AAGATCTTGGCCCAGCTACAGGAGAGCTTGCATCTGGGAAGTAATACTATTAGCCACATTAGATGAGATATAACGTCTCCATGATTAAGTACACCTCCAGTCAGAATCACAAAGGACAATAGCCAACAGGGGCT	AAGATCTTGGCCCAGCTACAGGAGAGCTTGCATCTGGGAAGTACTACTAGTAGCCACATTAGATGAGATATAACGTCTCCATGATTAAGTACACCTCCAGTCAGAATCACAAAGGACAATAGCCAACAGGGGCT
peak.1943	chr12	32456940.0	32457073.0	32457007.0	134.0	+	1	1	1	2	1	2	KGain	TCATCTCAAGTAATCAGAATGTGGCATAGTGCCAGAGATGCAATTTAAAAGTGACACTGCCTTATAGGCTTAGGTTTTAATATAGAGCTTAATAGTGTTATTTTAAGCCCCTTAATGATCTCGGAGGTCTCTAT	TCATCTCAAGTAATCAGAATGTGGCATAGTGCCAGAGATGCAATTTAAAAGTGACACTGCCTTATAGGCTTAGGTTTTAATATAGAGCTTACTAGTGGTATTTTACGCCCCGTAATGATCTCGGAGGTCTCTAT	TCATCTCAAGTACTCAGAATGTGGCATAGTGCCAGAGATGCAATTTAAAAGTGACACTGCCTTATAGGCGTAGGTTTTAATATAGAGCGTACTAGTGTTATTTTAAGCCCCTTACTGATCTCGGAGGTCTCTAT	TCATCTCAAGTACTCAGAATGTGGCATAGTGCCAGAGATGCAATTTAAAAGTGACACTGCCTTATAGGCGTAGGTTTTAATATAGAGCGTACTAGTGGTATTTTACGCCCCGTACTGATCTCGGAGGTCTCTAT
peak.5238	chr2	75237128.0	75237261.0	75237195.0	134.0	+	1	2	2	2	1	0	KGain	ATGAACACTGCTTTAAATTATAGTCCCAATAGCTTACAACAGTTACCTGGTGTCATTTCACTAATACTATTAAAGGACTAATACTATTAGTTCACTATTAAAGCACAGCCATCAGGCTATTTATTAAGCTGTCC	ATGAACACTGCTTTAAATTATAGTCCCAATAGCTTACAACAGTTACCTGGTGTCATTTCACTACTACTAGTAAAGGACTACTACTAGTAGTTCACTATTAAAGCACAGCCATCAGGCTATTTATTAAGCTGTCC	ATGAACACTGCTTTAAAGTATAGTCCCAATAGCTTACAACAGTTACCTGGTGTCATTTCACTAATACTATTAAAGGACTAATACTATTAGTTCACTATTAAAGCACAGCCATCAGGCTATTTAGTACGCTGTCC	ATGAACACTGCTTTAAAGTATAGTCCCAATAGCTTACAACAGTTACCTGGTGTCATTTCACTACTACTAGTAAAGGACTACTACTAGTAGTTCACTATTAAAGCACAGCCATCAGGCTATTTAGTACGCTGTCC
peak.5748	chr3	20232334.0	20232467.0	20232401.0	134.0	+	4	6	2	1	0	1	KGain	TGTATACTAATTAGAATTAGTATAAGACTATTAGTATATATACTAATTAGGATTAGTATAATTAGAATTGGTGTGGATTAATATTAGCAGCACTGACAGAATTATTATTTACATCATATTTAACTCACTGTGTG	TGTATACTAATTAGAATTAGTATACGACTAGTAGTATATATACTAATTAGGATTAGTATAATTAGAATTGGTGTGGATTAATATTAGCAGCACTGACAGAATTATTATTTACATCATATTTAACTCACTGTGTG	TGTATACTACTTAGAAGTAGTATAAGACTATTAGTATATATACTACTTAGGAGTAGTATACTTAGAATTGGTGTGGAGTAATATTAGCAGCACTGACAGAAGTATTATGTACATCATATTTAACTCACTGTGTG	TGTATACTACTTAGAAGTAGTATACGACTAGTAGTATATATACTACTTAGGAGTAGTATACTTAGAATTGGTGTGGAGTAATATTAGCAGCACTGACAGAAGTATTATGTACATCATATTTAACTCACTGTGTG
peak.5919	chr3	87352599.0	87352732.0	87352666.0	134.0	+	2	2	2	1	0	1	KGain	ATGAGCATAACCAAGCACTTCTGACTGGATTAAAGTCCTGTTCTGCAAGACAGAGCTGGTGCCTTTAATTAGGCCAGTTTAATCCATGGTTATGTAGGTCATAAGTCCTGGGAGAGAGCCTAATAGTATTATTC	ATGAGCATAACCAAGCACTTCTGACTGGATTAAAGTCCTGTTCTGCAAGACAGAGCTGGTGCCTTTAATTAGGCCAGTTTAATCCATGGTTATGTAGGTCATAAGTCCTGGGAGAGAGCCTACTAGTAGTATTC	ATGAGCATAACCAAGCACTTCTGACTGGAGTAAAGTCCTGTTCTGCAAGACAGAGCTGGTGCCTTTACTTAGGCCAGTTTACTCCATGGTTATGTAGGTCATAAGTCCTGGGAGAGAGCCTAATAGTATTATTC	ATGAGCATAACCAAGCACTTCTGACTGGAGTAAAGTCCTGTTCTGCAAGACAGAGCTGGTGCCTTTACTTAGGCCAGTTTACTCCATGGTTATGTAGGTCATAAGTCCTGGGAGAGAGCCTACTAGTAGTATTC
peak.6187	chr4	6448663.0	6448796.0	6448730.0	134.0	+	0	0	0	1	1	1	KGain	AGTAGCGCAGTGCTGTTGAGAGGAGAGCAGGGCACACCAGTGACTGACCATTTCTCTAATAGTATTATCATGACCTACATTGCTTCTCCAGCGAGTCCTCAGCTATCCTCTGGCCATCTGCCTTTGTCTAGAAA	AGTAGCGCAGTGCTGTTGAGAGGAGAGCAGGGCACACCAGTGACTGACCATTTCTCTACTAGTAGTATCATGACCTACATTGCTTCTCCAGCGAGTCCTCAGCTATCCTCTGGCCATCTGCCTTTGTCTAGAAA		
peak.6314	chr4	53125785.0	53125918.0	53125852.0	134.0	+	3	2	2	1	0	0	KGain	TAATATCTCATTATACTGTGCATAATAATATAATACTATTATAATTAATTCAGGAAATTAGGTCTCAGAAACATTGAATGTTTTGTCTGAGATGTCCAGACTTGAAAATAATCCTATCTTGGCTATGGACAGCA	TAATATCTCATTATACTGTGCATAATAATATACTACTAGTATAATTAATTCAGGAAATTAGGTCTCAGAAACATTGAATGTTTTGTCTGAGATGTCCAGACTTGAAAATAATCCTATCTTGGCTATGGACAGCA	TAATATCTCAGTATACTGTGCATAATAATATAATACTATTATACGTACTTCAGGAAAGTAGGTCTCAGAAACATTGAATGTTTTGTCTGAGATGTCCAGACTTGAAAATACTCCTATCTTGGCTATGGACAGCA	TAATATCTCAGTATACTGTGCATAATAATATACTACTAGTATACGTACTTCAGGAAAGTAGGTCTCAGAAACATTGAATGTTTTGTCTGAGATGTCCAGACTTGAAAATACTCCTATCTTGGCTATGGACAGCA
peak.6376	chr4	81924363.0	81924496.0	81924430.0	134.0	+	2	2	1	1	2	3	KGain	AGATTCTAAGCCCCATTTAATAGTATTAGCTCTTAATTACCTGTGAGTCAATGTAACTTCCACTCCCATTAGCATTCTCAGTGAAGTCTAACATCTGTCAGAATGATTGTTCACTCAATCACAGTATTAAAGCC	AGATTCTAAGCCCCATTTACTAGTAGTAGCTCTTAATTACCTGTGAGTCAATGTAACTTCCACTCCCATTAGCATTCTCAGTGAAGTCTAACATCTGTCAGAATGATTGTTCACTCAATCACAGTATTAAAGCC	AGATTCTACGCCCCATTTAATAGTATTAGCTCTTACTTACCTGTGAGTCAATGTAACTTCCACTCCCATTAGCATTCTCAGTGAAGTCTAACATCTGTCAGAATGATTGTTCACTCAATCACAGTAGTAAAGCC	AGATTCTACGCCCCATTTACTAGTAGTAGCTCTTACTTACCTGTGAGTCAATGTAACTTCCACTCCCATTAGCATTCTCAGTGAAGTCTAACATCTGTCAGAATGATTGTTCACTCAATCACAGTAGTAAAGCC
peak.6972	chr5	54233811.0	54233944.0	54233878.0	134.0	+	0	3	1	1	2	0	KGain	GACATCAGCTGTAATAGGATAAAGCTTATGTTATTAATTATGGCACCAGACTGGTTGGTTATAACTCTGATATTTATAAGACTATTAGACCTGCAATGCTATCAGGTCAATGGCACCATTCATGATATCTAGAA	GACATCAGCTGTAATAGGATAAAGCTTATGTTATTAATTATGGCACCAGACTGGTTGGTTATAACTCTGATATTTATACGACTAGTAGACCTGCAATGCTATCAGGTCAATGGCACCATTCATGATATCTAGAA	GACATCAGCTGTAATAGGATAAAGCGTATGTTAGTACTTATGGCACCAGACTGGTTGGTTATAACTCTGATATTTATAAGACTATTAGACCTGCAATGCTATCAGGTCAATGGCACCATTCATGATATCTAGAA	GACATCAGCTGTAATAGGATAAAGCGTATGTTAGTACTTATGGCACCAGACTGGTTGGTTATAACTCTGATATTTATACGACTAGTAGACCTGCAATGCTATCAGGTCAATGGCACCATTCATGATATCTAGAA
peak.7734	chr6	99916798.0	99916931.0	99916865.0	134.0	+	0	2	0	2	0	2	ELost	AGACAGCTAAAACAGATGTCCCAAAGGCTAGTTGCAAAGCCCATCTAATTAACTTACAGGAGCTCTTGGGCTATTACTCAGGACCTAATTATTTAATAGTCTTAGCAGATATTTGTTAGTCACCTAACATATGT	AGACAGCTAAAACAGATGTCCCAAAGGCTAGTTGCAAAGCCCATCTACTTAACGTACAGGAGCTCTTGGGCTATTACTCAGGACCTAATTATTTACTAGTCGTAGCAGATATTTGTTAGTCACCTAACATATGT	AGACAGCTAAAACAGATGTCCCAAAGGCTAGTTGCAAAGCCCATCTAAGTAACTTACAGGAGCTCTTGGGCTATTACTCAGGACCTACTTATTTAATAGTCTTAGCAGATATTTGTTAGTCACCTAACATATGT	AGACAGCTAAAACAGATGTCCCAAAGGCTAGTTGCAAAGCCCATCTACTTAACGTACAGGAGCTCTTGGGCTATTACTCAGGACCTACTTATTTACTAGTCGTAGCAGATATTTGTTAGTCACCTAACATATGT
peak.9099	chr9	7784877.0	7785010.0	7784944.0	134.0	+	0	2	0	1	0	3	KGain	TGAGTGACAGGACCATCTGCATAGCCTATGAAATTGCTAGTACAGCTTTAATAGTGTTATCTCAGGCATAATTAGCCCTGCAAAGACAGACTCTGGTATGAGGAAGGCCACTGTCAATGCAGTTTAGTTCCCTG	TGAGTGACAGGACCATCTGCATAGCCTATGAAATTGCTAGTACAGCTTTACTAGTGGTATCTCAGGCATAATTAGCCCTGCAAAGACAGACTCTGGTATGAGGAAGGCCACTGTCAATGCAGTTTAGTTCCCTG	TGAGTGACAGGACCATCTGCATAGCCTATGAAATTGCTAGTACAGCTTTAATAGTGTTATCTCAGGCATAAGTAGCCCTGCAAAGACAGACTCTGGTATGAGGAAGGCCACTGTCAATGCAGTTTAGTTCCCTG	TGAGTGACAGGACCATCTGCATAGCCTATGAAATTGCTAGTACAGCTTTACTAGTGGTATCTCAGGCATAAGTAGCCCTGCAAAGACAGACTCTGGTATGAGGAAGGCCACTGTCAATGCAGTTTAGTTCCCTG
peak.9744	chrX	40935893.0	40936026.0	40935960.0	134.0	+	2	4	2	1	2	1	EGain	ACCAATTAAGCAATAAGCACCCTTAAGCTCCCAGTGATTAACCTTTATTACCCCATGTTGCTCCCACAGGCTCTCCTACTTACATAAAGACAAACAGCAGAATGATAAACTCTAATAGTGTTAACCTTTTCATA	ACCAATTAAGCAATAAGCACCCTTAAGCTCCCAGTGATTAACCTTTATTACCCCATGTTGCTCCCACAGGCTCTCCTACTTACATAAAGACAAACAGCAGAATGATAAACTCTACTAGTGGTAACCTTTTCATA	ACCAAGTAAGCAATAAGCACCCTTACGCTCCCAGTGAGTAACCTTTAGTACCCCATGTTGCTCCCACAGGCTCTCCTACGTACATAAAGACAAACAGCAGAATGATAAACTCTAATAGTGTTAACCTTTTCATA	ACCAAGTAAGCAATAAGCACCCTTACGCTCCCAGTGAGTAACCTTTAGTACCCCATGTTGCTCCCACAGGCTCTCCTACGTACATAAAGACAAACAGCAGAATGATAAACTCTACTAGTGGTAACCTTTTCATA
