peak.id	seqnames	start	end	annotation	motif	BC	FASTA	label
peak.9841	chr14	20440153	20440286	control	WT	TGTATGCCGG	CTGTGAGCTGTTGAGATGGCTTAAAGAGCAAAGCTACTTACTGCTGAGCCTGATGCCCTGAGTTTGATCCCTTGGACCTACAGAGGGAGAGAAAACACCAGCTCCCAAATGGTCATCTAACCTCCACACACATC	chr14-20440153-20440286_peak.9841_control_WT_TGTATGCCGG
peak.9841	chr14	20440153	20440286	control	WT	GCTTGATGAT	CTGTGAGCTGTTGAGATGGCTTAAAGAGCAAAGCTACTTACTGCTGAGCCTGATGCCCTGAGTTTGATCCCTTGGACCTACAGAGGGAGAGAAAACACCAGCTCCCAAATGGTCATCTAACCTCCACACACATC	chr14-20440153-20440286_peak.9841_control_WT_GCTTGATGAT
peak.9841	chr14	20440153	20440286	control	WT	ACGGCGGTTA	CTGTGAGCTGTTGAGATGGCTTAAAGAGCAAAGCTACTTACTGCTGAGCCTGATGCCCTGAGTTTGATCCCTTGGACCTACAGAGGGAGAGAAAACACCAGCTCCCAAATGGTCATCTAACCTCCACACACATC	chr14-20440153-20440286_peak.9841_control_WT_ACGGCGGTTA
peak.9841	chr14	20440153	20440286	control	WT	TCTTCGTGCT	CTGTGAGCTGTTGAGATGGCTTAAAGAGCAAAGCTACTTACTGCTGAGCCTGATGCCCTGAGTTTGATCCCTTGGACCTACAGAGGGAGAGAAAACACCAGCTCCCAAATGGTCATCTAACCTCCACACACATC	chr14-20440153-20440286_peak.9841_control_WT_TCTTCGTGCT
peak.9841	chr14	20440153	20440286	control	WT	TAAGGTGACC	CTGTGAGCTGTTGAGATGGCTTAAAGAGCAAAGCTACTTACTGCTGAGCCTGATGCCCTGAGTTTGATCCCTTGGACCTACAGAGGGAGAGAAAACACCAGCTCCCAAATGGTCATCTAACCTCCACACACATC	chr14-20440153-20440286_peak.9841_control_WT_TAAGGTGACC
peak.9841	chr14	20440153	20440286	control	WT	CAACAAGACA	CTGTGAGCTGTTGAGATGGCTTAAAGAGCAAAGCTACTTACTGCTGAGCCTGATGCCCTGAGTTTGATCCCTTGGACCTACAGAGGGAGAGAAAACACCAGCTCCCAAATGGTCATCTAACCTCCACACACATC	chr14-20440153-20440286_peak.9841_control_WT_CAACAAGACA
peak.9842	chr3	87090025	87090158	control	WT	AGTACACCTG	ACAGTAAGCTGAACTAACCCACAGTGCCACCTAGTGGTCATAGTAGGTCATTACATCCACTGGATAATTCCCTTGCTATCATTCTTGGCCTGAGCCACCGGAAAGACTCTGTGTAGAAAGGGTGAGGGTGATAG	chr3-87090025-87090158_peak.9842_control_WT_AGTACACCTG
peak.9842	chr3	87090025	87090158	control	WT	AGTATGCGTC	ACAGTAAGCTGAACTAACCCACAGTGCCACCTAGTGGTCATAGTAGGTCATTACATCCACTGGATAATTCCCTTGCTATCATTCTTGGCCTGAGCCACCGGAAAGACTCTGTGTAGAAAGGGTGAGGGTGATAG	chr3-87090025-87090158_peak.9842_control_WT_AGTATGCGTC
peak.9842	chr3	87090025	87090158	control	WT	GGCACAGATG	ACAGTAAGCTGAACTAACCCACAGTGCCACCTAGTGGTCATAGTAGGTCATTACATCCACTGGATAATTCCCTTGCTATCATTCTTGGCCTGAGCCACCGGAAAGACTCTGTGTAGAAAGGGTGAGGGTGATAG	chr3-87090025-87090158_peak.9842_control_WT_GGCACAGATG
peak.9842	chr3	87090025	87090158	control	WT	AGATTGAGTC	ACAGTAAGCTGAACTAACCCACAGTGCCACCTAGTGGTCATAGTAGGTCATTACATCCACTGGATAATTCCCTTGCTATCATTCTTGGCCTGAGCCACCGGAAAGACTCTGTGTAGAAAGGGTGAGGGTGATAG	chr3-87090025-87090158_peak.9842_control_WT_AGATTGAGTC
peak.9842	chr3	87090025	87090158	control	WT	CTGTGGTAGG	ACAGTAAGCTGAACTAACCCACAGTGCCACCTAGTGGTCATAGTAGGTCATTACATCCACTGGATAATTCCCTTGCTATCATTCTTGGCCTGAGCCACCGGAAAGACTCTGTGTAGAAAGGGTGAGGGTGATAG	chr3-87090025-87090158_peak.9842_control_WT_CTGTGGTAGG
peak.9842	chr3	87090025	87090158	control	WT	GTATTGGAAG	ACAGTAAGCTGAACTAACCCACAGTGCCACCTAGTGGTCATAGTAGGTCATTACATCCACTGGATAATTCCCTTGCTATCATTCTTGGCCTGAGCCACCGGAAAGACTCTGTGTAGAAAGGGTGAGGGTGATAG	chr3-87090025-87090158_peak.9842_control_WT_GTATTGGAAG
peak.9843	chr6	131408497	131408630	control	WT	GAGTGGACTG	ACTGGGGGGAATTTGAACTGGAAAGGGATAGGGCTTCTTAAGATAAACGTTCAGGGAAGAAGGTTAATCAGCTTTGCTACTGCCCCACCCCTACCTGTGCTTCCAAAGCCCGCCTTAGGCTGGGGGCCACCGGT	chr6-131408497-131408630_peak.9843_control_WT_GAGTGGACTG
peak.9843	chr6	131408497	131408630	control	WT	CAATTCTCTC	ACTGGGGGGAATTTGAACTGGAAAGGGATAGGGCTTCTTAAGATAAACGTTCAGGGAAGAAGGTTAATCAGCTTTGCTACTGCCCCACCCCTACCTGTGCTTCCAAAGCCCGCCTTAGGCTGGGGGCCACCGGT	chr6-131408497-131408630_peak.9843_control_WT_CAATTCTCTC
peak.9843	chr6	131408497	131408630	control	WT	CGAGATCCAA	ACTGGGGGGAATTTGAACTGGAAAGGGATAGGGCTTCTTAAGATAAACGTTCAGGGAAGAAGGTTAATCAGCTTTGCTACTGCCCCACCCCTACCTGTGCTTCCAAAGCCCGCCTTAGGCTGGGGGCCACCGGT	chr6-131408497-131408630_peak.9843_control_WT_CGAGATCCAA
peak.9843	chr6	131408497	131408630	control	WT	ACGAGTTGGT	ACTGGGGGGAATTTGAACTGGAAAGGGATAGGGCTTCTTAAGATAAACGTTCAGGGAAGAAGGTTAATCAGCTTTGCTACTGCCCCACCCCTACCTGTGCTTCCAAAGCCCGCCTTAGGCTGGGGGCCACCGGT	chr6-131408497-131408630_peak.9843_control_WT_ACGAGTTGGT
peak.9843	chr6	131408497	131408630	control	WT	CGCGACCTGA	ACTGGGGGGAATTTGAACTGGAAAGGGATAGGGCTTCTTAAGATAAACGTTCAGGGAAGAAGGTTAATCAGCTTTGCTACTGCCCCACCCCTACCTGTGCTTCCAAAGCCCGCCTTAGGCTGGGGGCCACCGGT	chr6-131408497-131408630_peak.9843_control_WT_CGCGACCTGA
peak.9843	chr6	131408497	131408630	control	WT	CCTAGTGCTT	ACTGGGGGGAATTTGAACTGGAAAGGGATAGGGCTTCTTAAGATAAACGTTCAGGGAAGAAGGTTAATCAGCTTTGCTACTGCCCCACCCCTACCTGTGCTTCCAAAGCCCGCCTTAGGCTGGGGGCCACCGGT	chr6-131408497-131408630_peak.9843_control_WT_CCTAGTGCTT
peak.9844	chr9	20740698	20740831	control	WT	CACAGAACCA	GTTCAGCTCGGCTCTGAGTAGCAGCGCCCTTCCGTGGAATTTCAGCCTCTGCTGACACCCGTGATCTCAGGCACCTCCCTGGGCACAGGGGTTCCCACTTCTCCAGTGGTCTGCTTTCTGAAGTTTCAGATAAC	chr9-20740698-20740831_peak.9844_control_WT_CACAGAACCA
peak.9844	chr9	20740698	20740831	control	WT	AGAGACGAAG	GTTCAGCTCGGCTCTGAGTAGCAGCGCCCTTCCGTGGAATTTCAGCCTCTGCTGACACCCGTGATCTCAGGCACCTCCCTGGGCACAGGGGTTCCCACTTCTCCAGTGGTCTGCTTTCTGAAGTTTCAGATAAC	chr9-20740698-20740831_peak.9844_control_WT_AGAGACGAAG
peak.9844	chr9	20740698	20740831	control	WT	TGGCTTAGAG	GTTCAGCTCGGCTCTGAGTAGCAGCGCCCTTCCGTGGAATTTCAGCCTCTGCTGACACCCGTGATCTCAGGCACCTCCCTGGGCACAGGGGTTCCCACTTCTCCAGTGGTCTGCTTTCTGAAGTTTCAGATAAC	chr9-20740698-20740831_peak.9844_control_WT_TGGCTTAGAG
peak.9844	chr9	20740698	20740831	control	WT	AGGAGTAGTA	GTTCAGCTCGGCTCTGAGTAGCAGCGCCCTTCCGTGGAATTTCAGCCTCTGCTGACACCCGTGATCTCAGGCACCTCCCTGGGCACAGGGGTTCCCACTTCTCCAGTGGTCTGCTTTCTGAAGTTTCAGATAAC	chr9-20740698-20740831_peak.9844_control_WT_AGGAGTAGTA
peak.9844	chr9	20740698	20740831	control	WT	AGCTCGTTCG	GTTCAGCTCGGCTCTGAGTAGCAGCGCCCTTCCGTGGAATTTCAGCCTCTGCTGACACCCGTGATCTCAGGCACCTCCCTGGGCACAGGGGTTCCCACTTCTCCAGTGGTCTGCTTTCTGAAGTTTCAGATAAC	chr9-20740698-20740831_peak.9844_control_WT_AGCTCGTTCG
peak.9844	chr9	20740698	20740831	control	WT	TATCCGAGAA	GTTCAGCTCGGCTCTGAGTAGCAGCGCCCTTCCGTGGAATTTCAGCCTCTGCTGACACCCGTGATCTCAGGCACCTCCCTGGGCACAGGGGTTCCCACTTCTCCAGTGGTCTGCTTTCTGAAGTTTCAGATAAC	chr9-20740698-20740831_peak.9844_control_WT_TATCCGAGAA
peak.9845	chr4	41246845	41246978	control	WT	AGTCCAGACG	ATATTCCACATAAACTATAAAATAGCTTTTTAAAATTTGAGGTGGTTATAGGATTCTATGCCTGTAATCCCAGTGTGAGGCCGGATAAGGCAGAGGATTACAGATTAGAAGCCAAGGTTGGTGACAGGCTCTGC	chr4-41246845-41246978_peak.9845_control_WT_AGTCCAGACG
peak.9845	chr4	41246845	41246978	control	WT	TCCAGATTAC	ATATTCCACATAAACTATAAAATAGCTTTTTAAAATTTGAGGTGGTTATAGGATTCTATGCCTGTAATCCCAGTGTGAGGCCGGATAAGGCAGAGGATTACAGATTAGAAGCCAAGGTTGGTGACAGGCTCTGC	chr4-41246845-41246978_peak.9845_control_WT_TCCAGATTAC
peak.9845	chr4	41246845	41246978	control	WT	CGTCGTCTTC	ATATTCCACATAAACTATAAAATAGCTTTTTAAAATTTGAGGTGGTTATAGGATTCTATGCCTGTAATCCCAGTGTGAGGCCGGATAAGGCAGAGGATTACAGATTAGAAGCCAAGGTTGGTGACAGGCTCTGC	chr4-41246845-41246978_peak.9845_control_WT_CGTCGTCTTC
peak.9845	chr4	41246845	41246978	control	WT	GTTCTTGATG	ATATTCCACATAAACTATAAAATAGCTTTTTAAAATTTGAGGTGGTTATAGGATTCTATGCCTGTAATCCCAGTGTGAGGCCGGATAAGGCAGAGGATTACAGATTAGAAGCCAAGGTTGGTGACAGGCTCTGC	chr4-41246845-41246978_peak.9845_control_WT_GTTCTTGATG
peak.9845	chr4	41246845	41246978	control	WT	TGGAACAAGT	ATATTCCACATAAACTATAAAATAGCTTTTTAAAATTTGAGGTGGTTATAGGATTCTATGCCTGTAATCCCAGTGTGAGGCCGGATAAGGCAGAGGATTACAGATTAGAAGCCAAGGTTGGTGACAGGCTCTGC	chr4-41246845-41246978_peak.9845_control_WT_TGGAACAAGT
peak.9845	chr4	41246845	41246978	control	WT	GTGAGCAGGC	ATATTCCACATAAACTATAAAATAGCTTTTTAAAATTTGAGGTGGTTATAGGATTCTATGCCTGTAATCCCAGTGTGAGGCCGGATAAGGCAGAGGATTACAGATTAGAAGCCAAGGTTGGTGACAGGCTCTGC	chr4-41246845-41246978_peak.9845_control_WT_GTGAGCAGGC
peak.9846	chr14	61510557	61510690	control	WT	GTGTCTAGTA	CTCATGGCAAATTCTCCTGGTTCTTTCACATGGCTTCCCCACATCTTCTCTTTCTCTCTCTCCCTAATCTCTTTTCTTGCAACCCCCAGACTGGGAACAGAAGTCCTAACCTATTCTCTTCTGCCCAGCTAGTT	chr14-61510557-61510690_peak.9846_control_WT_GTGTCTAGTA
peak.9846	chr14	61510557	61510690	control	WT	CCTTATAGGT	CTCATGGCAAATTCTCCTGGTTCTTTCACATGGCTTCCCCACATCTTCTCTTTCTCTCTCTCCCTAATCTCTTTTCTTGCAACCCCCAGACTGGGAACAGAAGTCCTAACCTATTCTCTTCTGCCCAGCTAGTT	chr14-61510557-61510690_peak.9846_control_WT_CCTTATAGGT
peak.9846	chr14	61510557	61510690	control	WT	TTCCTCGGCT	CTCATGGCAAATTCTCCTGGTTCTTTCACATGGCTTCCCCACATCTTCTCTTTCTCTCTCTCCCTAATCTCTTTTCTTGCAACCCCCAGACTGGGAACAGAAGTCCTAACCTATTCTCTTCTGCCCAGCTAGTT	chr14-61510557-61510690_peak.9846_control_WT_TTCCTCGGCT
peak.9846	chr14	61510557	61510690	control	WT	CTCTAATGCC	CTCATGGCAAATTCTCCTGGTTCTTTCACATGGCTTCCCCACATCTTCTCTTTCTCTCTCTCCCTAATCTCTTTTCTTGCAACCCCCAGACTGGGAACAGAAGTCCTAACCTATTCTCTTCTGCCCAGCTAGTT	chr14-61510557-61510690_peak.9846_control_WT_CTCTAATGCC
peak.9846	chr14	61510557	61510690	control	WT	CTCGCACGAC	CTCATGGCAAATTCTCCTGGTTCTTTCACATGGCTTCCCCACATCTTCTCTTTCTCTCTCTCCCTAATCTCTTTTCTTGCAACCCCCAGACTGGGAACAGAAGTCCTAACCTATTCTCTTCTGCCCAGCTAGTT	chr14-61510557-61510690_peak.9846_control_WT_CTCGCACGAC
peak.9846	chr14	61510557	61510690	control	WT	TGTTGTCGTG	CTCATGGCAAATTCTCCTGGTTCTTTCACATGGCTTCCCCACATCTTCTCTTTCTCTCTCTCCCTAATCTCTTTTCTTGCAACCCCCAGACTGGGAACAGAAGTCCTAACCTATTCTCTTCTGCCCAGCTAGTT	chr14-61510557-61510690_peak.9846_control_WT_TGTTGTCGTG
peak.9847	chr12	98931364	98931497	control	WT	TATCATTCAC	GAAGCAGGGTGATAAAACCAGCTAGACCCAGTAAGATCTCTTTCCGTGATGCTCTTAAGCACGCTAATCCCTCTGCAGTGCCAACAGCAGTATTCCCCTGTGGGATCCTGTGTCTGCTTTATGTATCCTCATTA	chr12-98931364-98931497_peak.9847_control_WT_TATCATTCAC
peak.9847	chr12	98931364	98931497	control	WT	TCGATCGGTG	GAAGCAGGGTGATAAAACCAGCTAGACCCAGTAAGATCTCTTTCCGTGATGCTCTTAAGCACGCTAATCCCTCTGCAGTGCCAACAGCAGTATTCCCCTGTGGGATCCTGTGTCTGCTTTATGTATCCTCATTA	chr12-98931364-98931497_peak.9847_control_WT_TCGATCGGTG
peak.9847	chr12	98931364	98931497	control	WT	CTAGTAGATC	GAAGCAGGGTGATAAAACCAGCTAGACCCAGTAAGATCTCTTTCCGTGATGCTCTTAAGCACGCTAATCCCTCTGCAGTGCCAACAGCAGTATTCCCCTGTGGGATCCTGTGTCTGCTTTATGTATCCTCATTA	chr12-98931364-98931497_peak.9847_control_WT_CTAGTAGATC
peak.9847	chr12	98931364	98931497	control	WT	TGTACCGACA	GAAGCAGGGTGATAAAACCAGCTAGACCCAGTAAGATCTCTTTCCGTGATGCTCTTAAGCACGCTAATCCCTCTGCAGTGCCAACAGCAGTATTCCCCTGTGGGATCCTGTGTCTGCTTTATGTATCCTCATTA	chr12-98931364-98931497_peak.9847_control_WT_TGTACCGACA
peak.9847	chr12	98931364	98931497	control	WT	CGGTCCTCCA	GAAGCAGGGTGATAAAACCAGCTAGACCCAGTAAGATCTCTTTCCGTGATGCTCTTAAGCACGCTAATCCCTCTGCAGTGCCAACAGCAGTATTCCCCTGTGGGATCCTGTGTCTGCTTTATGTATCCTCATTA	chr12-98931364-98931497_peak.9847_control_WT_CGGTCCTCCA
peak.9847	chr12	98931364	98931497	control	WT	GAATTAGTAC	GAAGCAGGGTGATAAAACCAGCTAGACCCAGTAAGATCTCTTTCCGTGATGCTCTTAAGCACGCTAATCCCTCTGCAGTGCCAACAGCAGTATTCCCCTGTGGGATCCTGTGTCTGCTTTATGTATCCTCATTA	chr12-98931364-98931497_peak.9847_control_WT_GAATTAGTAC
peak.9848	chr5	71182147	71182280	control	WT	GTAACCGAGT	GTATATTTTACTATCCTTAGAGTGACGACCTAATATCAAGGAATAATCTGCAACTTGATATTATTAATCCTCCAGCTGTACTACCCAGGAGATGAGCTTGCCATTGACCTACTGGCCTGTTTGCTTTTGTGTGG	chr5-71182147-71182280_peak.9848_control_WT_GTAACCGAGT
peak.9848	chr5	71182147	71182280	control	WT	AATTCAGTTG	GTATATTTTACTATCCTTAGAGTGACGACCTAATATCAAGGAATAATCTGCAACTTGATATTATTAATCCTCCAGCTGTACTACCCAGGAGATGAGCTTGCCATTGACCTACTGGCCTGTTTGCTTTTGTGTGG	chr5-71182147-71182280_peak.9848_control_WT_AATTCAGTTG
peak.9848	chr5	71182147	71182280	control	WT	TACTCGCAAC	GTATATTTTACTATCCTTAGAGTGACGACCTAATATCAAGGAATAATCTGCAACTTGATATTATTAATCCTCCAGCTGTACTACCCAGGAGATGAGCTTGCCATTGACCTACTGGCCTGTTTGCTTTTGTGTGG	chr5-71182147-71182280_peak.9848_control_WT_TACTCGCAAC
peak.9848	chr5	71182147	71182280	control	WT	ACCGTTAATT	GTATATTTTACTATCCTTAGAGTGACGACCTAATATCAAGGAATAATCTGCAACTTGATATTATTAATCCTCCAGCTGTACTACCCAGGAGATGAGCTTGCCATTGACCTACTGGCCTGTTTGCTTTTGTGTGG	chr5-71182147-71182280_peak.9848_control_WT_ACCGTTAATT
peak.9848	chr5	71182147	71182280	control	WT	ACCTCCTGGC	GTATATTTTACTATCCTTAGAGTGACGACCTAATATCAAGGAATAATCTGCAACTTGATATTATTAATCCTCCAGCTGTACTACCCAGGAGATGAGCTTGCCATTGACCTACTGGCCTGTTTGCTTTTGTGTGG	chr5-71182147-71182280_peak.9848_control_WT_ACCTCCTGGC
peak.9848	chr5	71182147	71182280	control	WT	CAATAATGCA	GTATATTTTACTATCCTTAGAGTGACGACCTAATATCAAGGAATAATCTGCAACTTGATATTATTAATCCTCCAGCTGTACTACCCAGGAGATGAGCTTGCCATTGACCTACTGGCCTGTTTGCTTTTGTGTGG	chr5-71182147-71182280_peak.9848_control_WT_CAATAATGCA
peak.9849	chr4	128710737	128710870	control	WT	CGTGCATAAC	TCAGAATCTGGCACTGTCTCCTCAGTCCTGTGAGGAGGAACCTTGGGCAGCTGTCATAGGCTGATCTTCCAGGTCTAAGATAGCTCTGTTCCCCAGGGCTAGATCGGAATAAGATTATCTTTCAAAAAGGATTA	chr4-128710737-128710870_peak.9849_control_WT_CGTGCATAAC
peak.9849	chr4	128710737	128710870	control	WT	GTTACACTAC	TCAGAATCTGGCACTGTCTCCTCAGTCCTGTGAGGAGGAACCTTGGGCAGCTGTCATAGGCTGATCTTCCAGGTCTAAGATAGCTCTGTTCCCCAGGGCTAGATCGGAATAAGATTATCTTTCAAAAAGGATTA	chr4-128710737-128710870_peak.9849_control_WT_GTTACACTAC
peak.9849	chr4	128710737	128710870	control	WT	TGAAGAGAGG	TCAGAATCTGGCACTGTCTCCTCAGTCCTGTGAGGAGGAACCTTGGGCAGCTGTCATAGGCTGATCTTCCAGGTCTAAGATAGCTCTGTTCCCCAGGGCTAGATCGGAATAAGATTATCTTTCAAAAAGGATTA	chr4-128710737-128710870_peak.9849_control_WT_TGAAGAGAGG
peak.9849	chr4	128710737	128710870	control	WT	CATCGTATGG	TCAGAATCTGGCACTGTCTCCTCAGTCCTGTGAGGAGGAACCTTGGGCAGCTGTCATAGGCTGATCTTCCAGGTCTAAGATAGCTCTGTTCCCCAGGGCTAGATCGGAATAAGATTATCTTTCAAAAAGGATTA	chr4-128710737-128710870_peak.9849_control_WT_CATCGTATGG
peak.9849	chr4	128710737	128710870	control	WT	TGTGCTTAGG	TCAGAATCTGGCACTGTCTCCTCAGTCCTGTGAGGAGGAACCTTGGGCAGCTGTCATAGGCTGATCTTCCAGGTCTAAGATAGCTCTGTTCCCCAGGGCTAGATCGGAATAAGATTATCTTTCAAAAAGGATTA	chr4-128710737-128710870_peak.9849_control_WT_TGTGCTTAGG
peak.9849	chr4	128710737	128710870	control	WT	ACTTACCGTA	TCAGAATCTGGCACTGTCTCCTCAGTCCTGTGAGGAGGAACCTTGGGCAGCTGTCATAGGCTGATCTTCCAGGTCTAAGATAGCTCTGTTCCCCAGGGCTAGATCGGAATAAGATTATCTTTCAAAAAGGATTA	chr4-128710737-128710870_peak.9849_control_WT_ACTTACCGTA
peak.9850	chr9	121694805	121694938	control	WT	CTCCGCGTAT	TCTCAACGTTAAGAAAGGACCAAACAACATGGGCAGCACACCTGGGCACCAATTGGCTGCCCTCAAATCCTGGTTCCACCACTTGCACGTTCGCTGGAGCCTGGGCTAAGTCGCTTGACCTCAATTCCTCTCTG	chr9-121694805-121694938_peak.9850_control_WT_CTCCGCGTAT
peak.9850	chr9	121694805	121694938	control	WT	AGGTATCGCG	TCTCAACGTTAAGAAAGGACCAAACAACATGGGCAGCACACCTGGGCACCAATTGGCTGCCCTCAAATCCTGGTTCCACCACTTGCACGTTCGCTGGAGCCTGGGCTAAGTCGCTTGACCTCAATTCCTCTCTG	chr9-121694805-121694938_peak.9850_control_WT_AGGTATCGCG
peak.9850	chr9	121694805	121694938	control	WT	GTGTTAGACT	TCTCAACGTTAAGAAAGGACCAAACAACATGGGCAGCACACCTGGGCACCAATTGGCTGCCCTCAAATCCTGGTTCCACCACTTGCACGTTCGCTGGAGCCTGGGCTAAGTCGCTTGACCTCAATTCCTCTCTG	chr9-121694805-121694938_peak.9850_control_WT_GTGTTAGACT
peak.9850	chr9	121694805	121694938	control	WT	ATCGGAAGTT	TCTCAACGTTAAGAAAGGACCAAACAACATGGGCAGCACACCTGGGCACCAATTGGCTGCCCTCAAATCCTGGTTCCACCACTTGCACGTTCGCTGGAGCCTGGGCTAAGTCGCTTGACCTCAATTCCTCTCTG	chr9-121694805-121694938_peak.9850_control_WT_ATCGGAAGTT
peak.9850	chr9	121694805	121694938	control	WT	TTGGAGCTTG	TCTCAACGTTAAGAAAGGACCAAACAACATGGGCAGCACACCTGGGCACCAATTGGCTGCCCTCAAATCCTGGTTCCACCACTTGCACGTTCGCTGGAGCCTGGGCTAAGTCGCTTGACCTCAATTCCTCTCTG	chr9-121694805-121694938_peak.9850_control_WT_TTGGAGCTTG
peak.9850	chr9	121694805	121694938	control	WT	GACGCTGTAG	TCTCAACGTTAAGAAAGGACCAAACAACATGGGCAGCACACCTGGGCACCAATTGGCTGCCCTCAAATCCTGGTTCCACCACTTGCACGTTCGCTGGAGCCTGGGCTAAGTCGCTTGACCTCAATTCCTCTCTG	chr9-121694805-121694938_peak.9850_control_WT_GACGCTGTAG
peak.9851	chr17	78199401	78199534	control	WT	AAGGAGAGAC	ACCTTCTGTATGTCTGTGTGGAGGTGCTGTATCATGGGAGGGGTGACTGGAAAGTAACAGAGCTTAATCCTCTCTGGAGTAAGGCTCAACACTAGATTACAAGTCTTGACATGACGCTAGGCTGGAAGAGCCTA	chr17-78199401-78199534_peak.9851_control_WT_AAGGAGAGAC
peak.9851	chr17	78199401	78199534	control	WT	TCCGAGCTAT	ACCTTCTGTATGTCTGTGTGGAGGTGCTGTATCATGGGAGGGGTGACTGGAAAGTAACAGAGCTTAATCCTCTCTGGAGTAAGGCTCAACACTAGATTACAAGTCTTGACATGACGCTAGGCTGGAAGAGCCTA	chr17-78199401-78199534_peak.9851_control_WT_TCCGAGCTAT
peak.9851	chr17	78199401	78199534	control	WT	CTATACGAAG	ACCTTCTGTATGTCTGTGTGGAGGTGCTGTATCATGGGAGGGGTGACTGGAAAGTAACAGAGCTTAATCCTCTCTGGAGTAAGGCTCAACACTAGATTACAAGTCTTGACATGACGCTAGGCTGGAAGAGCCTA	chr17-78199401-78199534_peak.9851_control_WT_CTATACGAAG
peak.9851	chr17	78199401	78199534	control	WT	GATATGAATG	ACCTTCTGTATGTCTGTGTGGAGGTGCTGTATCATGGGAGGGGTGACTGGAAAGTAACAGAGCTTAATCCTCTCTGGAGTAAGGCTCAACACTAGATTACAAGTCTTGACATGACGCTAGGCTGGAAGAGCCTA	chr17-78199401-78199534_peak.9851_control_WT_GATATGAATG
peak.9851	chr17	78199401	78199534	control	WT	TCGACCTTGA	ACCTTCTGTATGTCTGTGTGGAGGTGCTGTATCATGGGAGGGGTGACTGGAAAGTAACAGAGCTTAATCCTCTCTGGAGTAAGGCTCAACACTAGATTACAAGTCTTGACATGACGCTAGGCTGGAAGAGCCTA	chr17-78199401-78199534_peak.9851_control_WT_TCGACCTTGA
peak.9851	chr17	78199401	78199534	control	WT	CCTTGCTCTG	ACCTTCTGTATGTCTGTGTGGAGGTGCTGTATCATGGGAGGGGTGACTGGAAAGTAACAGAGCTTAATCCTCTCTGGAGTAAGGCTCAACACTAGATTACAAGTCTTGACATGACGCTAGGCTGGAAGAGCCTA	chr17-78199401-78199534_peak.9851_control_WT_CCTTGCTCTG
peak.9852	chr13	94410052	94410185	control	WT	AAGATAGATG	GCCAGCAAACAGCTCAGTGGGCAAAGCTGCTTACCACTAAGCCTAATGACCATGACCTCAGCTCTAAGCCCAGAACCCACATGATGGGAAGAGGGAACCAAATTTGCAAGTATTCCTATGACCACACACATGGC	chr13-94410052-94410185_peak.9852_control_WT_AAGATAGATG
peak.9852	chr13	94410052	94410185	control	WT	AATCACACTA	GCCAGCAAACAGCTCAGTGGGCAAAGCTGCTTACCACTAAGCCTAATGACCATGACCTCAGCTCTAAGCCCAGAACCCACATGATGGGAAGAGGGAACCAAATTTGCAAGTATTCCTATGACCACACACATGGC	chr13-94410052-94410185_peak.9852_control_WT_AATCACACTA
peak.9852	chr13	94410052	94410185	control	WT	TACCGGCAAG	GCCAGCAAACAGCTCAGTGGGCAAAGCTGCTTACCACTAAGCCTAATGACCATGACCTCAGCTCTAAGCCCAGAACCCACATGATGGGAAGAGGGAACCAAATTTGCAAGTATTCCTATGACCACACACATGGC	chr13-94410052-94410185_peak.9852_control_WT_TACCGGCAAG
peak.9852	chr13	94410052	94410185	control	WT	GCGTGTAGAT	GCCAGCAAACAGCTCAGTGGGCAAAGCTGCTTACCACTAAGCCTAATGACCATGACCTCAGCTCTAAGCCCAGAACCCACATGATGGGAAGAGGGAACCAAATTTGCAAGTATTCCTATGACCACACACATGGC	chr13-94410052-94410185_peak.9852_control_WT_GCGTGTAGAT
peak.9852	chr13	94410052	94410185	control	WT	TTCTTAGCTA	GCCAGCAAACAGCTCAGTGGGCAAAGCTGCTTACCACTAAGCCTAATGACCATGACCTCAGCTCTAAGCCCAGAACCCACATGATGGGAAGAGGGAACCAAATTTGCAAGTATTCCTATGACCACACACATGGC	chr13-94410052-94410185_peak.9852_control_WT_TTCTTAGCTA
peak.9852	chr13	94410052	94410185	control	WT	TTCTGGCTTC	GCCAGCAAACAGCTCAGTGGGCAAAGCTGCTTACCACTAAGCCTAATGACCATGACCTCAGCTCTAAGCCCAGAACCCACATGATGGGAAGAGGGAACCAAATTTGCAAGTATTCCTATGACCACACACATGGC	chr13-94410052-94410185_peak.9852_control_WT_TTCTGGCTTC
peak.9853	chr13	30264978	30265111	control	WT	ACGAAGCGGC	AAAGATTACAGAGACTGGAGGAGCTGTTTCAGGTTGTGGGGACTGAGAGTGACAGGGCAGCGTGTAATCTGGCTTAGATCCTGGACACAGACTTGGTTTTTTGTTTTTGTTTTTTTTTTTAATCAAGGGAAATG	chr13-30264978-30265111_peak.9853_control_WT_ACGAAGCGGC
peak.9853	chr13	30264978	30265111	control	WT	GCGGTCGTAG	AAAGATTACAGAGACTGGAGGAGCTGTTTCAGGTTGTGGGGACTGAGAGTGACAGGGCAGCGTGTAATCTGGCTTAGATCCTGGACACAGACTTGGTTTTTTGTTTTTGTTTTTTTTTTTAATCAAGGGAAATG	chr13-30264978-30265111_peak.9853_control_WT_GCGGTCGTAG
peak.9853	chr13	30264978	30265111	control	WT	AACCATTAGT	AAAGATTACAGAGACTGGAGGAGCTGTTTCAGGTTGTGGGGACTGAGAGTGACAGGGCAGCGTGTAATCTGGCTTAGATCCTGGACACAGACTTGGTTTTTTGTTTTTGTTTTTTTTTTTAATCAAGGGAAATG	chr13-30264978-30265111_peak.9853_control_WT_AACCATTAGT
peak.9853	chr13	30264978	30265111	control	WT	GATTGGTCAT	AAAGATTACAGAGACTGGAGGAGCTGTTTCAGGTTGTGGGGACTGAGAGTGACAGGGCAGCGTGTAATCTGGCTTAGATCCTGGACACAGACTTGGTTTTTTGTTTTTGTTTTTTTTTTTAATCAAGGGAAATG	chr13-30264978-30265111_peak.9853_control_WT_GATTGGTCAT
peak.9853	chr13	30264978	30265111	control	WT	ACGAGGCGGA	AAAGATTACAGAGACTGGAGGAGCTGTTTCAGGTTGTGGGGACTGAGAGTGACAGGGCAGCGTGTAATCTGGCTTAGATCCTGGACACAGACTTGGTTTTTTGTTTTTGTTTTTTTTTTTAATCAAGGGAAATG	chr13-30264978-30265111_peak.9853_control_WT_ACGAGGCGGA
peak.9853	chr13	30264978	30265111	control	WT	GAGATAAGAA	AAAGATTACAGAGACTGGAGGAGCTGTTTCAGGTTGTGGGGACTGAGAGTGACAGGGCAGCGTGTAATCTGGCTTAGATCCTGGACACAGACTTGGTTTTTTGTTTTTGTTTTTTTTTTTAATCAAGGGAAATG	chr13-30264978-30265111_peak.9853_control_WT_GAGATAAGAA
peak.9854	chr15	99821035	99821168	control	WT	AATCCTCGCG	GTGAAGTGGCTCTTAGTGTGTTCAGAGAAGAAGGAGCCAGAGACCTAATTCCCAATATAGCTGCTAATCCCCTAATTCTCTGACCTCTCCAGTCCTGGGCTGTTTGTCCTTTCTTTCCCACTTGGAACCCGGAG	chr15-99821035-99821168_peak.9854_control_WT_AATCCTCGCG
peak.9854	chr15	99821035	99821168	control	WT	TCGCTCGGCA	GTGAAGTGGCTCTTAGTGTGTTCAGAGAAGAAGGAGCCAGAGACCTAATTCCCAATATAGCTGCTAATCCCCTAATTCTCTGACCTCTCCAGTCCTGGGCTGTTTGTCCTTTCTTTCCCACTTGGAACCCGGAG	chr15-99821035-99821168_peak.9854_control_WT_TCGCTCGGCA
peak.9854	chr15	99821035	99821168	control	WT	GTAAGAGGCC	GTGAAGTGGCTCTTAGTGTGTTCAGAGAAGAAGGAGCCAGAGACCTAATTCCCAATATAGCTGCTAATCCCCTAATTCTCTGACCTCTCCAGTCCTGGGCTGTTTGTCCTTTCTTTCCCACTTGGAACCCGGAG	chr15-99821035-99821168_peak.9854_control_WT_GTAAGAGGCC
peak.9854	chr15	99821035	99821168	control	WT	CTTGTAGATG	GTGAAGTGGCTCTTAGTGTGTTCAGAGAAGAAGGAGCCAGAGACCTAATTCCCAATATAGCTGCTAATCCCCTAATTCTCTGACCTCTCCAGTCCTGGGCTGTTTGTCCTTTCTTTCCCACTTGGAACCCGGAG	chr15-99821035-99821168_peak.9854_control_WT_CTTGTAGATG
peak.9854	chr15	99821035	99821168	control	WT	ATTGGAAGGT	GTGAAGTGGCTCTTAGTGTGTTCAGAGAAGAAGGAGCCAGAGACCTAATTCCCAATATAGCTGCTAATCCCCTAATTCTCTGACCTCTCCAGTCCTGGGCTGTTTGTCCTTTCTTTCCCACTTGGAACCCGGAG	chr15-99821035-99821168_peak.9854_control_WT_ATTGGAAGGT
peak.9854	chr15	99821035	99821168	control	WT	ATCGAGGCCA	GTGAAGTGGCTCTTAGTGTGTTCAGAGAAGAAGGAGCCAGAGACCTAATTCCCAATATAGCTGCTAATCCCCTAATTCTCTGACCTCTCCAGTCCTGGGCTGTTTGTCCTTTCTTTCCCACTTGGAACCCGGAG	chr15-99821035-99821168_peak.9854_control_WT_ATCGAGGCCA
peak.9855	chrX	95949910	95950043	control	WT	GCAATGGAGT	TAGCAGAAAGAGAGCCGTTGTCATGTTGTAGCTAACTGATTTCTCTTGTAGGAAATCCTAGAGTTAATCCTCCTCCCCTAAGCGGTGATTATGTCTTCTGTATGATCTGCCTCCAACCCTGCCAGCTACCAGGT	chrX-95949910-95950043_peak.9855_control_WT_GCAATGGAGT
peak.9855	chrX	95949910	95950043	control	WT	AGAAGCTGGC	TAGCAGAAAGAGAGCCGTTGTCATGTTGTAGCTAACTGATTTCTCTTGTAGGAAATCCTAGAGTTAATCCTCCTCCCCTAAGCGGTGATTATGTCTTCTGTATGATCTGCCTCCAACCCTGCCAGCTACCAGGT	chrX-95949910-95950043_peak.9855_control_WT_AGAAGCTGGC
peak.9855	chrX	95949910	95950043	control	WT	TAGTAGGTGG	TAGCAGAAAGAGAGCCGTTGTCATGTTGTAGCTAACTGATTTCTCTTGTAGGAAATCCTAGAGTTAATCCTCCTCCCCTAAGCGGTGATTATGTCTTCTGTATGATCTGCCTCCAACCCTGCCAGCTACCAGGT	chrX-95949910-95950043_peak.9855_control_WT_TAGTAGGTGG
peak.9855	chrX	95949910	95950043	control	WT	GTGCCATGCC	TAGCAGAAAGAGAGCCGTTGTCATGTTGTAGCTAACTGATTTCTCTTGTAGGAAATCCTAGAGTTAATCCTCCTCCCCTAAGCGGTGATTATGTCTTCTGTATGATCTGCCTCCAACCCTGCCAGCTACCAGGT	chrX-95949910-95950043_peak.9855_control_WT_GTGCCATGCC
peak.9855	chrX	95949910	95950043	control	WT	TACATCATCG	TAGCAGAAAGAGAGCCGTTGTCATGTTGTAGCTAACTGATTTCTCTTGTAGGAAATCCTAGAGTTAATCCTCCTCCCCTAAGCGGTGATTATGTCTTCTGTATGATCTGCCTCCAACCCTGCCAGCTACCAGGT	chrX-95949910-95950043_peak.9855_control_WT_TACATCATCG
peak.9855	chrX	95949910	95950043	control	WT	TAGGTATGTC	TAGCAGAAAGAGAGCCGTTGTCATGTTGTAGCTAACTGATTTCTCTTGTAGGAAATCCTAGAGTTAATCCTCCTCCCCTAAGCGGTGATTATGTCTTCTGTATGATCTGCCTCCAACCCTGCCAGCTACCAGGT	chrX-95949910-95950043_peak.9855_control_WT_TAGGTATGTC
peak.9856	chr15	58119301	58119434	control	WT	GGCTTGCCAT	GACCTATTTCCTTAGTCTGGGCTCCACTGTAGTGACACGTTCATTTATGAACTCATAAATGGGTTAATCCACTGGTGAGGTCAGCATTCTCAAGGTCTGCTGATCTCCCAGCAGTGCCACAATTGGTGACAAGT	chr15-58119301-58119434_peak.9856_control_WT_GGCTTGCCAT
peak.9856	chr15	58119301	58119434	control	WT	TTCTTCGCGC	GACCTATTTCCTTAGTCTGGGCTCCACTGTAGTGACACGTTCATTTATGAACTCATAAATGGGTTAATCCACTGGTGAGGTCAGCATTCTCAAGGTCTGCTGATCTCCCAGCAGTGCCACAATTGGTGACAAGT	chr15-58119301-58119434_peak.9856_control_WT_TTCTTCGCGC
peak.9856	chr15	58119301	58119434	control	WT	CGAACGTATT	GACCTATTTCCTTAGTCTGGGCTCCACTGTAGTGACACGTTCATTTATGAACTCATAAATGGGTTAATCCACTGGTGAGGTCAGCATTCTCAAGGTCTGCTGATCTCCCAGCAGTGCCACAATTGGTGACAAGT	chr15-58119301-58119434_peak.9856_control_WT_CGAACGTATT
peak.9856	chr15	58119301	58119434	control	WT	CGCGTCGCTA	GACCTATTTCCTTAGTCTGGGCTCCACTGTAGTGACACGTTCATTTATGAACTCATAAATGGGTTAATCCACTGGTGAGGTCAGCATTCTCAAGGTCTGCTGATCTCCCAGCAGTGCCACAATTGGTGACAAGT	chr15-58119301-58119434_peak.9856_control_WT_CGCGTCGCTA
peak.9856	chr15	58119301	58119434	control	WT	TAACCACTCG	GACCTATTTCCTTAGTCTGGGCTCCACTGTAGTGACACGTTCATTTATGAACTCATAAATGGGTTAATCCACTGGTGAGGTCAGCATTCTCAAGGTCTGCTGATCTCCCAGCAGTGCCACAATTGGTGACAAGT	chr15-58119301-58119434_peak.9856_control_WT_TAACCACTCG
peak.9856	chr15	58119301	58119434	control	WT	ATGCGAAGTT	GACCTATTTCCTTAGTCTGGGCTCCACTGTAGTGACACGTTCATTTATGAACTCATAAATGGGTTAATCCACTGGTGAGGTCAGCATTCTCAAGGTCTGCTGATCTCCCAGCAGTGCCACAATTGGTGACAAGT	chr15-58119301-58119434_peak.9856_control_WT_ATGCGAAGTT
peak.9857	chr18	82920733	82920866	control	WT	ACTAGCAACG	TACCAGTAAAACCATTAACGTGCTCTGCCTTTCTGTCACCAGGGTAATTCACAGAGGCTAATTTTAATCCTACCACTAATCCTGTGATTCCATGGAACCGTCCTCAGGTTTGTGTTGCTATGGAGAGTGCTCAT	chr18-82920733-82920866_peak.9857_control_WT_ACTAGCAACG
peak.9857	chr18	82920733	82920866	control	WT	GCTATTCACA	TACCAGTAAAACCATTAACGTGCTCTGCCTTTCTGTCACCAGGGTAATTCACAGAGGCTAATTTTAATCCTACCACTAATCCTGTGATTCCATGGAACCGTCCTCAGGTTTGTGTTGCTATGGAGAGTGCTCAT	chr18-82920733-82920866_peak.9857_control_WT_GCTATTCACA
peak.9857	chr18	82920733	82920866	control	WT	CTCGCTTCTA	TACCAGTAAAACCATTAACGTGCTCTGCCTTTCTGTCACCAGGGTAATTCACAGAGGCTAATTTTAATCCTACCACTAATCCTGTGATTCCATGGAACCGTCCTCAGGTTTGTGTTGCTATGGAGAGTGCTCAT	chr18-82920733-82920866_peak.9857_control_WT_CTCGCTTCTA
peak.9857	chr18	82920733	82920866	control	WT	AATGGTAGTT	TACCAGTAAAACCATTAACGTGCTCTGCCTTTCTGTCACCAGGGTAATTCACAGAGGCTAATTTTAATCCTACCACTAATCCTGTGATTCCATGGAACCGTCCTCAGGTTTGTGTTGCTATGGAGAGTGCTCAT	chr18-82920733-82920866_peak.9857_control_WT_AATGGTAGTT
peak.9857	chr18	82920733	82920866	control	WT	CTAGATATCC	TACCAGTAAAACCATTAACGTGCTCTGCCTTTCTGTCACCAGGGTAATTCACAGAGGCTAATTTTAATCCTACCACTAATCCTGTGATTCCATGGAACCGTCCTCAGGTTTGTGTTGCTATGGAGAGTGCTCAT	chr18-82920733-82920866_peak.9857_control_WT_CTAGATATCC
peak.9857	chr18	82920733	82920866	control	WT	ATGTTGTATC	TACCAGTAAAACCATTAACGTGCTCTGCCTTTCTGTCACCAGGGTAATTCACAGAGGCTAATTTTAATCCTACCACTAATCCTGTGATTCCATGGAACCGTCCTCAGGTTTGTGTTGCTATGGAGAGTGCTCAT	chr18-82920733-82920866_peak.9857_control_WT_ATGTTGTATC
peak.9858	chr2	26325996	26326129	control	WT	GATATATCCG	ATGTACCATCAGCACAGGGTTTCCTCAGCCAAAGGAGCTCGTTGGCCCTGGCCACAGTGCTCACTGGTCCACCCCCTTGAGGGAGATAAACCTAAGCGTGTTACCAGCTTACCCTGGGGCCAGTTGGGCCTGCA	chr2-26325996-26326129_peak.9858_control_WT_GATATATCCG
peak.9858	chr2	26325996	26326129	control	WT	ATGGACATCT	ATGTACCATCAGCACAGGGTTTCCTCAGCCAAAGGAGCTCGTTGGCCCTGGCCACAGTGCTCACTGGTCCACCCCCTTGAGGGAGATAAACCTAAGCGTGTTACCAGCTTACCCTGGGGCCAGTTGGGCCTGCA	chr2-26325996-26326129_peak.9858_control_WT_ATGGACATCT
peak.9858	chr2	26325996	26326129	control	WT	CTTGGATACA	ATGTACCATCAGCACAGGGTTTCCTCAGCCAAAGGAGCTCGTTGGCCCTGGCCACAGTGCTCACTGGTCCACCCCCTTGAGGGAGATAAACCTAAGCGTGTTACCAGCTTACCCTGGGGCCAGTTGGGCCTGCA	chr2-26325996-26326129_peak.9858_control_WT_CTTGGATACA
peak.9858	chr2	26325996	26326129	control	WT	CGATAGTCTG	ATGTACCATCAGCACAGGGTTTCCTCAGCCAAAGGAGCTCGTTGGCCCTGGCCACAGTGCTCACTGGTCCACCCCCTTGAGGGAGATAAACCTAAGCGTGTTACCAGCTTACCCTGGGGCCAGTTGGGCCTGCA	chr2-26325996-26326129_peak.9858_control_WT_CGATAGTCTG
peak.9858	chr2	26325996	26326129	control	WT	GCTAGCACGA	ATGTACCATCAGCACAGGGTTTCCTCAGCCAAAGGAGCTCGTTGGCCCTGGCCACAGTGCTCACTGGTCCACCCCCTTGAGGGAGATAAACCTAAGCGTGTTACCAGCTTACCCTGGGGCCAGTTGGGCCTGCA	chr2-26325996-26326129_peak.9858_control_WT_GCTAGCACGA
peak.9858	chr2	26325996	26326129	control	WT	GCAATACGAG	ATGTACCATCAGCACAGGGTTTCCTCAGCCAAAGGAGCTCGTTGGCCCTGGCCACAGTGCTCACTGGTCCACCCCCTTGAGGGAGATAAACCTAAGCGTGTTACCAGCTTACCCTGGGGCCAGTTGGGCCTGCA	chr2-26325996-26326129_peak.9858_control_WT_GCAATACGAG
peak.9859	chr2	29245835	29245968	control	WT	CCTATGATTG	ATGAAGTGCCACAGGGGCAGGTGGAGGGCAGCCCTCAGAAGGTGCTGCAAGGTACACCCCAGTCTAATCCCTTTTTAAAGATTAGAAAGATTGCCTAAGTCATGCCAAGGTCAAGGAGCTTAGCAGGCAAACCA	chr2-29245835-29245968_peak.9859_control_WT_CCTATGATTG
peak.9859	chr2	29245835	29245968	control	WT	GAACTTACGC	ATGAAGTGCCACAGGGGCAGGTGGAGGGCAGCCCTCAGAAGGTGCTGCAAGGTACACCCCAGTCTAATCCCTTTTTAAAGATTAGAAAGATTGCCTAAGTCATGCCAAGGTCAAGGAGCTTAGCAGGCAAACCA	chr2-29245835-29245968_peak.9859_control_WT_GAACTTACGC
peak.9859	chr2	29245835	29245968	control	WT	TCCAACGATC	ATGAAGTGCCACAGGGGCAGGTGGAGGGCAGCCCTCAGAAGGTGCTGCAAGGTACACCCCAGTCTAATCCCTTTTTAAAGATTAGAAAGATTGCCTAAGTCATGCCAAGGTCAAGGAGCTTAGCAGGCAAACCA	chr2-29245835-29245968_peak.9859_control_WT_TCCAACGATC
peak.9859	chr2	29245835	29245968	control	WT	CATCTGAATA	ATGAAGTGCCACAGGGGCAGGTGGAGGGCAGCCCTCAGAAGGTGCTGCAAGGTACACCCCAGTCTAATCCCTTTTTAAAGATTAGAAAGATTGCCTAAGTCATGCCAAGGTCAAGGAGCTTAGCAGGCAAACCA	chr2-29245835-29245968_peak.9859_control_WT_CATCTGAATA
peak.9859	chr2	29245835	29245968	control	WT	GTCTGTCCTG	ATGAAGTGCCACAGGGGCAGGTGGAGGGCAGCCCTCAGAAGGTGCTGCAAGGTACACCCCAGTCTAATCCCTTTTTAAAGATTAGAAAGATTGCCTAAGTCATGCCAAGGTCAAGGAGCTTAGCAGGCAAACCA	chr2-29245835-29245968_peak.9859_control_WT_GTCTGTCCTG
peak.9859	chr2	29245835	29245968	control	WT	ATCATTACGA	ATGAAGTGCCACAGGGGCAGGTGGAGGGCAGCCCTCAGAAGGTGCTGCAAGGTACACCCCAGTCTAATCCCTTTTTAAAGATTAGAAAGATTGCCTAAGTCATGCCAAGGTCAAGGAGCTTAGCAGGCAAACCA	chr2-29245835-29245968_peak.9859_control_WT_ATCATTACGA
peak.9860	chr11	120366335	120366468	control	WT	ACCGTTATAA	CTCTTCCCACACTCCCTGACAGCACCTTTCATGCTGCTAAATCCCCATTGTGCTGGTCAGCAGGTAATCTGCTTGTCCCTGCTCTCTTGACACAGTTTCTATTTATAATTCACCCTTAGGCTGCCAGGTGGGGT	chr11-120366335-120366468_peak.9860_control_WT_ACCGTTATAA
peak.9860	chr11	120366335	120366468	control	WT	TAGAAGGATG	CTCTTCCCACACTCCCTGACAGCACCTTTCATGCTGCTAAATCCCCATTGTGCTGGTCAGCAGGTAATCTGCTTGTCCCTGCTCTCTTGACACAGTTTCTATTTATAATTCACCCTTAGGCTGCCAGGTGGGGT	chr11-120366335-120366468_peak.9860_control_WT_TAGAAGGATG
peak.9860	chr11	120366335	120366468	control	WT	GGTTAAGGTC	CTCTTCCCACACTCCCTGACAGCACCTTTCATGCTGCTAAATCCCCATTGTGCTGGTCAGCAGGTAATCTGCTTGTCCCTGCTCTCTTGACACAGTTTCTATTTATAATTCACCCTTAGGCTGCCAGGTGGGGT	chr11-120366335-120366468_peak.9860_control_WT_GGTTAAGGTC
peak.9860	chr11	120366335	120366468	control	WT	GGTGCCTCAC	CTCTTCCCACACTCCCTGACAGCACCTTTCATGCTGCTAAATCCCCATTGTGCTGGTCAGCAGGTAATCTGCTTGTCCCTGCTCTCTTGACACAGTTTCTATTTATAATTCACCCTTAGGCTGCCAGGTGGGGT	chr11-120366335-120366468_peak.9860_control_WT_GGTGCCTCAC
peak.9860	chr11	120366335	120366468	control	WT	TCGAGTTACG	CTCTTCCCACACTCCCTGACAGCACCTTTCATGCTGCTAAATCCCCATTGTGCTGGTCAGCAGGTAATCTGCTTGTCCCTGCTCTCTTGACACAGTTTCTATTTATAATTCACCCTTAGGCTGCCAGGTGGGGT	chr11-120366335-120366468_peak.9860_control_WT_TCGAGTTACG
peak.9860	chr11	120366335	120366468	control	WT	GCAGATGTTC	CTCTTCCCACACTCCCTGACAGCACCTTTCATGCTGCTAAATCCCCATTGTGCTGGTCAGCAGGTAATCTGCTTGTCCCTGCTCTCTTGACACAGTTTCTATTTATAATTCACCCTTAGGCTGCCAGGTGGGGT	chr11-120366335-120366468_peak.9860_control_WT_GCAGATGTTC
