peak.id	seqnames	start	end	summit	width	strand	CRX_Corbo	N50	HDmono	HDdimer	NRL	AP1	annotation	FASTA	shuffled.FASTA
peak.8080	chr7	34142450	34142583	34142517	134	+	1	0	2	0	1	0	KLost	CTGCTCAAAGAGCCAGATGCACAGTTTATGGCCTACAAATAAGCAGCTTAAGCAGGCAGCTTACGCGGGACAGACCATGGACCAGGAATTAGCCCACAGCTTGCTGTTGGAGATTCAGAAAACCACTCCCAATA	CCCCAAATGCATGTTAGGCATACGCCGGAGCCTACAGAAGCTAGACTCTACCAGGAGCTCCAGAGAGCAGCACCACAATTGAACCAAAAAGACAGCTTATTCAATGCAGGCTGGTTTTTGCAACTATGGGCAGA
peak.4849	chr19	37211579	37211712	37211646	134	+	3	0	2	0	0	0	KLost	CACGTGTAACCTTAGTGCTAGAGAAGCAGGAACAGGATAATCCCTGGGCTTACTGCCCAGCTAGTCTGTGCTAGCTGATCAGGCCAATGAGAGACCTTGTCTCAAATGAGATAGATGGTCTTTCTGAGGATTAC	CATGAGGCGTAGTAGTGTCCCTAGCTCAAAACATGGAGCTTAGCTACTACCCCTTGAATTATGAGGGGACAGCTGGATCTGACCAGCCTGTAGGTGATTCAAGATGCACTCTAGAAGTTCTTGAGATGAAGCTC
peak.9110	chr9	16257517	16257650	16257584	134	+	0	0	0	0	0	0	KGain	TAGCAGGAAACCTATTAGGGCTTTTCTATTTACAGCTTTCTACAAGCTTCATGATTTCCCAGTAGCATATTACCATTAATTGGTAAAGGGCACTCTAGGAGATCTAGTCAAAGACAATAGCTCAGCCACAATTA	TTAGCATTGTCTCACCACCTATATCTTACTATCCAGGCTAGATTCCAGCATTATGGATTAGATTAGCATTTAGGGTTTCTCCTTAAGGCACTAAGCACTCACAGGGCTTTAGAAAGAAATTAGTAAGCACAAAA
peak.5992	chr3	100538894	100539027	100538961	134	+	2	0	2	0	0	1	KLost	AGACATTTCAGTCACTCCTGAAAGCTTACTGGCGCTCTGCTGCTCAATTCTGTCTCCTAAGCCGGTGCTAATCTGATTTCTGCCACAGAGAGTTGGTTTGCCTCTGTGGCTTTCTATGACTGGATTCCTGTAAT	AGGAAGCCTACACAAGCAAACTTGGCATCTCTGCTGTCTTCTTTGTGCTTGCTGTCTGCGTGCTCTATGAGCCTACTCCCTCATATCTGGAACTATTGTGAGCCAGTTCTTTTGAGATCCTGGGTTCGAATCTT
peak.1842	chr11	118825478	118825611	118825545	134	+	1	0	1	0	0	0	NotDB	CAGGGTTGTCAACAGCTCCGGGGAGGGGCTGTTGGGTGAAGCTCTGCGTGGATTGCTGCTAAGAGGAGATTAGGCCTCCGAGGAGCGCGCTGCAGCAGTGCCCCATGGGCACATTAGGGATTCTGAGCAGGGGC	CTGGGTTGCGCTATGGGCCTACCAACAGCAGAAGGCGTGGTGAGAGATGGCCTTGCGGAGTTAGGGCTCAGCAGGAAGGGTGATCTCAGCAGATCCTTGGGGGGCCGCGTGCTTCTGCCAGCAGGAGGATTGGC
peak.2990	chr14	60251526	60251659	60251593	134	+	1	0	1	0	0	1	KLost	GGTACTCGTGTGAGGCCGGGCGGATGAGGTAAGGTGGGCGCCCCGCCTACTCGCTTAAAGCGCTAAGCCCCTGAAGTGCCCGGAGAGTCTCGCGGGATTTCGTGCTTTACTTCCTGAATGAAGGCCCTGGAGTG	GAAACCGCCGACCGGCGCCCGGCTTTACGCTCCGGCTAGGGGGAAGCTGGTGAAGGAGAGTAGTGTTGTCTGCTCCTAGGGGAATGTAATGGAGCTAAGATCGCTCCTTCCCGGTTTGAGCGCGTGTGCCCCTG
peak.8377	chr7	109003759	109003892	109003826	134	+	1	0	1	0	1	0	KLost	CAGCTAAATCCTGCCTTATGGACAAATGAGGCCTCCCTCCCTCGACATGATCAGCTTAATTCCCTGTTGCTTATCTGCAAATCCAATAATGCCAGTAAAACAAGCACTCCTGGAGTCTGGGCACAGGGGCCTGG	CTAATAAGCTGCAGCCCAATCCTGACCATCTGAGAGGCCTCAATGCCCTCCCTTCTTTTGCATTCTACAGGGTGAGCCTGGATCTGTAACAAGTGGGCATCCCTGGGCTCAAACATGCAATACCTAAAAATCGG
peak.5482	chr2	137093479	137093612	137093546	134	+	1	0	1	0	0	0	KLost	GGAGGTGATGAAAGGACCCAAGCCCTTATTTTAGCTTGAAATCCCTCACTGCCCTAGTTCAGTTAATCCGTCCCTAAGCATCGAGGGAAAGAAAGATAGCCGGAGACACACAGGGCATCAACTCAGTGGTGACA	GACACCATCGTGAGAAGTCAGAAAAAATTTGGACATCCTTCACCTGAGGTTAAGCCTGGAGGAGCTACCGAAGTACCCCCTAAGGAGGTCACGCAGGGGTCAGATATCTTTGCAAAGAAGCCTATTCCATGCCA
peak.5125	chr2	34111475	34111608	34111542	134	+	1	0	1	0	0	0	NotDB	AGAAGTGCTAGGACAGGTGCCAAACCCTGTCTCAAGGGCTTTGCAGATTTAATCCTCACTAAATCCCGCATAAGAGGCTCTGTTCTTTCCATTTTAAGGCACAGGGAGGTTGAACCACTTGCCCATGGTCACAC	ACACCCACCCCAGAGGAGCTTGCTTCCAATGGGTTTGATCTCTCAGTGCTGCCAAGGTCAACATGCCACTAACGGACACTTAAGGGCCCAAGCTGTTTTAGTATCTCAATTTTAGAGAAAAGGGGCATGTCTTC
peak.948	chr10	96224011	96224144	96224078	134	+	1	0	1	0	0	0	NotDB	TAAGACAGAAGTGGACATGTGACGACTGATGCTGTCTTGGAGGTATCTCTCAAATCCCATAATCCTTTGATCATCCCTTCACTTGTACAGCCTGAGGTCAGGTGGGGTGACTTGTAAAGACTCTACCAATCCTC	TAATGAAAAGTCTCACCTGATCAAGGTTGGGCACCTGAGACTATCAAGAGAACTCTGGTCATGGAGTTGGGTCAGATGTGTTTACTCACAACCTTATCTGGATCCTGACCTCTCTGTTATGTAGCCGACATCCC
peak.8904	chr8	91569318	91569451	91569385	134	+	2	0	1	0	0	0	KLost	CATTGTGCCCAAGTTCAGCCACTAAGTGGATAATACACTGTTAAGCCAGATCACGGCACTCGGTAAAACAACACCCAAGACTCAAGATAAGCCCACACTTAATTGTCCAGCTGGCTAGCAGCAGTTGCCACGTG	CAGAAGCAACATTCTCACGCAATACATTGTTACCACCGCCAGCACAGCACAACATACTAGCCTAAACCAGTAAAAACCCTGGATTTGTGTGGTAGAAGCCCCTTGGCAAGCACTCTGGCGTGTCATCAGAGTAG
peak.4770	chr19	21499743	21499876	21499810	134	+	3	2	3	0	1	1	NotDB	GTAGATGGATGCTCTCCAAGTTCAAAGAGGATTTTCTCAGAGATTAACCCTGATTAAGATATAATCTCATAAGCACAGAGTTTGTTTTGAATCCGCATTATAGTGATTACTGTAGGGTGCTTAAGCCTTCAGAA	GAAGGCAAATTTTATTCAGAGGACATAGCCATCTAGTGCGAGTCTTGAGGAGTACTATTATGAATTAGCAAATAGTCCCTTCCATTGTGAGCTTAAGTATTAATTGGAGAACTCTTTGAGATTGTCAATCCTCA
peak.1666	chr11	100500883	100501016	100500950	134	+	0	0	0	1	0	1	KLost	CAAGGTCTGAATAAATCCTCCTGCAGGCCAGCAGTAAGCCTCTTACTGCAAGAGTCAGAAGGCTCTTGATTCGTGAACACCTAGATTTACTGTCATCCCGGGGTTCCTATAAGACGTGGAACCTTAGAGTAAGA	CCTTCTAGGTTCTGAAGATAGTGCCAGCACCTAAAGGGCAGACTTAGCAGGAATGTTCCGTCTGACTCTCACATGAAGTTCCGCCTGGTATGCTCGGAACCTAAAGAAGGTCCCATAGACTTAGTCAAATTAGA
peak.5614	chr2	164462220	164462353	164462287	134	+	1	0	2	0	0	0	NotDB	TTGCCTTTCCAATCCCTTTTATCCTCTGCAAAGTGAGCAGGATAATCCTGTCATGTTACCTATAGTAAAATGTTAAAAGGCCCAGAGGGGTTTAAGAATAAGAAAATGCTTCGTGCCGGGTGTGGTGGCACACG	TGCAAAGTACAAAGCGGGTTGCCTATCCCCCCTTAAAATTAAAGTCTATGATCATTGTAATTTTTTATGGTCTGGGCGAAATGTTGGTGGCTCTTGCACCCTCAGTGCAGTACGGAGAGAAAAAGTATCCCAGG
peak.4276	chr17	85308735	85308868	85308802	134	+	0	0	0	0	0	0	NotDB	GCAGATTGTATCTGTCCTTGTCTGGAGGGCTTTGTGACACTATTGTAAGTAGGATATTTTCTCCTGGCCATCTGGCAGTTCTTAGGAGCCAGTCACTCTCAATGTTTTATATAGCTTCTGCACGGCTTTCAGCT	GGCTGTTAATTATTCTTTCAGGAGCCTGTCTTATCGATAGGCTCTTGAGGTGTTCTGCTTGTTCAGCTCATTGAGCCTTGTGGCATTAGGCCTATGTATCTACAGGTTTATGCTTCACAGTCAAGGACACCTCT
peak.431	chr1	155191634	155191767	155191701	134	+	0	1	1	0	0	0	KLost	CCTAAAGACAAGCAGCTTAGACCCAGCTGCCGTATGCTGGGTTGTCAGGTGTGTAATGATTGTATACACCATTTAAAATCTTGAAAGCATGGTGTCCCAAAGAACCACTTGATCAGACTTCAGGAAAAGCAGAG	CAATGTGCTCAGCCCAGTGAGAATGTGAGAAACTAGAATTTTACAAATCTACCAGGCCTTAGCCCGACAACCTGTAGGCATCATGGTAGTTGGAATGAACTCACCAGCAGTGCTGTTGGAAATTAGTTCAAAAG
peak.8660	chr8	26472079	26472212	26472146	134	+	1	3	1	0	0	1	NotDB	CACAAGCAGCTCACTATCATTAGCTTTCTCACAGGGTTCTGAAGCCTTCCGCTGCCACAACAGTAATTACCAAGAGATTAGGCAGGCATTAAGCACTCCTTAATTTGACACATTGCAATGATCTCCATTCAGCC	CAACAAGCACCAACATCATCTGCTACTGCAGCTTCTAGATCCCTCAGTTTAGCATACACTGTCATTTAAGAAGAGGGGATTGCACACTTTTCCGATCAATTTTATAGCATTCAAGCAGGCCAAGCCTCCTGCAC
peak.4342	chr18	23811937	23812070	23812004	134	+	2	0	2	0	1	0	KLost	TACTGGGTTCGGGGGTGAGTCCAGCCTGCTTAGTATGCTCAGCGAATCTTAGCCTAACTGCACAGTAATCCTTCATGAGGATTATTTTTCAATATCCTCTTTGCAGTTTCATTTTCTTCTTGTTTATTGAGCAC	TTTTTCCGGGCCAATCATCTGATGGCAGTTTTGAAGTTCAGGCATTTGCATCAGTTACCTTTTCTTATCGCAGCTCTGAAGTCTAGGTCTAGGGCTGATTATGATTATCAGTACTAACTCCTACCTTTGTTTGC
peak.707	chr10	40342160	40342293	40342227	134	+	1	2	2	0	0	0	KLost	AGTCTCCTTCAGTTGTTATCTCGTGCTAATCACCTCTGGAAAGGGTGCTTTAGTGTAATATCTTGGGCACCTCCCAAACTAATCACGGTAAATAAGATTAGCCTCATAAATCCTCTCCTTGTCAACTTGACCTC	ACAAGTGGTCTGCTCTAGGCGGAACCTACCGTTCAGAACATTTGCTATAAATCTCAATGTGGATGTTAGTCATCTCATAGGTCTTCATTAACCTAAAACCTTGGTTAAATAAGTCTCCCCCCTGCTCTCTTCTC
peak.700	chr10	39631763	39631896	39631830	134	+	1	1	1	0	0	1	NotDB	ATACGATTTGTTGCTATGAGACAAAAACATGTTGTGCGGGGGAAGTAATCTGCTCGAAATCATCTGACCTCGATTCAAAGGCTTTTGATTAACAGCACTAACACCCGCCTTCTGGAAAGGAAGCACACCCTGTG	ATTAGAGACCAAATGAACTCAAACTTGGTGCTTGGTTAAAACCTCTTCGATGGATTACAGAACAACCCGAAAATGAGCATTGGCACTGTTGACGTCGGTTAAGATCGCTGGGCCACAGCAATGCTATCTCCTTG
peak.620	chr1	194991124	194991257	194991191	134	+	1	0	0	1	0	0	ELost	TCTATGCCAATTGGACTGTAGAGTACTGACCCACATGCTGTACCTCACACAGAGGTTTAAATTAGGACCTTTAATCTGTAAGAGGCTTACAGCTTGTGGATAGCCAGCTGCTCTGGACTTGATGTGGGCAGAAG	TATTTAGCTGGCACTAAAGTGCTCCAGTAGGCTGACACACACTACCTAGTGCTTGAGGCCACCTCTCTCAAATGCTTAACCTGTAGTGAAGACATAGGAGATGCACCTTGATATTTTGGGTTGATGGAGAGTGG
peak.2627	chr13	83729662	83729795	83729729	134	+	0	0	1	0	1	0	NotDB	CGCTCCAGGAATGCACCGGCTTCTCTTCGTGCAGGATTTGCATATTTTTTTAATGCCCTAATTTCCTTGATGTATGTAAATGTAGCCGGACGTAGAGGGAGACAGGGAGCTGACGTCAATGGACGTGACCTCGC	CCGCCCCAAACGATGCAAAATGATAGATTTCACAGCGCGGAGGCCGATGTTGATCAGAGGTGACGGAGACTGTCGGCACTTTCTTTGACTCGGGGTATGCTTGGTGCTATCTTAGTTTAATTGCTTAGTATCCC
peak.9326	chr9	56532149	56532282	56532216	134	+	0	0	1	1	0	0	KLost	TAGATCAGTGGCTAAGCCAATTTGCACCTCACCTCCTCCCCTTAGAGAGGGAGGATGGATTCTATGGGCTTTGTGTAAAGGGATTAAGGCTTTAGCTTGCTCCACAGGGAGAAGAGCTGTAGATTCTGAGTCCT	TCCCCTAAGAACAGGAGCAGCTGAATTTGCCTAGGGAGGTCCAGGTGTGCTTGGTAGCTGGCTGACATCTATAGGATTGGATCCAGAGAGGGAGGAATAGTTCTGAAAGCTTCCTCCTTTACTTCAGCCTTTAT
peak.3097	chr14	77599153	77599286	77599220	134	+	3	2	2	0	0	0	KLost	TTTGAAGAGATTCCGGCTCTAATCTCGGCTCAAGCAGTAATTAGCCATATCCCCTCAGGAAAGTCTTCTAAGCCCTTGAATCTCTGTGTCCTCCTTTCTGTGATGAGAAGGTTTGCCCAGATAATCCCCCAAGG	TCAGGGGCCTTCTCCTAGCTAAGAGTAGGAAGATCCATTAAATATTATGAGCTTTCTGCCCCCATCTGATCTCTCATCGCCTGAAAGCCGGTTGTTTCAAAAAAGTCATTCCCTCCCCCTGTGAGAGAGTCTTG
peak.1884	chr12	5808078	5808211	5808145	134	+	2	0	2	0	0	1	KLost	CTTCCTCCGCCAGCTATCAGCGGCCATCTGGCAATTAGCAGCCTCTGAGGCAGCTAATCCCACTCTGAGCTGGATTAAAGCTGAAGTTTAAAACACGGAGATAGGCAGGTGATTTCTGTTTGAGTCTTTGGGTC	CGACTGTCTAGCGCAGCTAACTGCACTTCATCAGCTCATGAGGAGCCTCTGGAGGCCAAAAATATTGCTGTTGAAATCCAGATTGGGGCTTCTTTAGCGAGCTTTAGTCTGTTCCCCAGGATAGGGTTCCAAGC
peak.5678	chr2	180267443	180267576	180267510	134	+	2	0	2	1	0	0	KLost	ATATTAACCCTAGGGCCTCAGAACATAACTGAGCTTGGAGATATGGCCTTTAAAGAGATTACCTGGGGTGGCCCTTAATCCAGTGTGACTGGTATCCTTAAGATTAAGGCACAGACACACAGAGGGAGGACCAT	AGGTACCTGCATCTAGAGCAGACACAACCTGATGATTAATAGACCTCATAGAGGAGCCCAGGGGGGTGGGTTACTTGGACCAATTGCTAAGGAAAGATAGCCCATCTTGGGACCTAATGTATTTACCAGAACTT
peak.7126	chr5	110460178	110460311	110460245	134	+	0	0	0	0	0	0	ELost	CTGTCTGCTCTTGTCAGCTGGGCTTGATCCTCTTACCTCTTGAAATCATCTTCCACCCCAGGTTTTAAATCAGCTTCAGGATCATCCCCTCACCCCTGGGCCAGAGCCCTAGTTCTTGGGTCTCTCTGGTTCCT	CTCCTCTGGGTGCAAGGCCAGGTGCATGGCCTGAACCCTCTTTATCATACTGAGCCATCCCTCTGGCAGTTTCCCTCCTTCTTCTCTCATGTTTCCCCTAAGAGGACTTCATCTCTCCCTCTCAAGGGTTGTTT
peak.9385	chr9	61370408	61370541	61370475	134	+	0	2	0	0	1	0	NotDB	CCACATGGTAGTGACAGATTGTTTGAGCTGGAAGGAAAAGCCATTCAAAGCTAATTAAGCAGCCATTCCAAGCACTATTTGCAAGCGGGAGGCTCAGAAGCCTCGGCATTTGTCAGCGCTCCCCCACCCCTCGT	CAGCAGGCTCACCAGCCCCAGATCTGGCTGCCCTTCGCAAGAGGTTCGCCGGATGATGTGGCCTTGGCAGAAGGTAGTAGCCGCATTTTCCAAACAGTACAAAACCTTTTAGCAGATCCTGCAAATCAAAGATT
peak.2305	chr12	111982926	111983059	111982993	134	+	1	0	1	0	0	1	KLost	AATTCCTCTGAACAGGGATTTATTTGTTAGTTCTTGAGTCAGGGTCTCACTGGGTAGCCCCGGCTGGCCTTAGATGCACTGCACTCCTGCCACAGCCTCTTAGGTAGATTACTGGCCTAAGCAGCTGGCCTTTG	ACCCTTGCTTACTTAGGCACATCTAGAAGGGATTCCCATCTCCTTCCAAGGGTTCCGGGTAGGTGGCTTTCTGCTTTAACTGAGCAGAGCTTGGCTGAGTGCACTGCAGCCAGGTTGCCTCTATATACCTTGTG
peak.967	chr10	99940499	99940632	99940566	134	+	2	4	1	0	1	0	KLost	TAATCTACACTATAATCTATAGATTTACCGTCACCAAGACTCTAGGTAAGAATTGGATTTCATGCCATGTAATTAGGCTTAATGAAATCTCTGTAATGCTTTATAATCAACCAATGGGTTCTTATTTGCCTTCC	TGGTTATTAGCATATTTCTGGCATGAGGCCAATTGACCTGTAACCATCTTATTTCATCTGTGAATACCTACTAATGTTTAATAAGCGGACACTTATTCCATAATCTTCTAAAATCTAAGAAATCTAGGTTATCC
peak.7849	chr6	134783068	134783201	134783135	134	+	0	0	2	1	1	2	KLost	ACACTGCTAAGCAGCTTAAGTGATGCTGAGAACCTGACTGAACCCTGAGCTGCTTGAGTAAATTATAAATGGCTTACGGTTTAAGGCTCGCTAGTACAGCTGAAGGCATGCTTGAATTATAAATTCCCTGTACG	ACTGGGCTGGCTATACGCAGTAAGCTACATTAGAATTTAGCCAAGCCTGCTGTGTAAAAGCTGTGATGAAAACTGTGACCTTCTATAGCTATTGGCGCTACCGAGAGATGCTCCTTTGAACATTTAAACTGAAG
peak.6810	chr4	155011042	155011175	155011109	134	+	1	0	1	0	0	0	KLost	CAAGCCTCACCCTGCCATCCTTGGCCAATCCGCCCAGTAATCCTGCTGGATTCAGCCCAGCTGGACAAAGGATTTAGGCCAGGGGAGGGCCCAGCTGCCAGCTCAGAGCAGGCTGCTTCATGAGCCACCAGACT	CTGGCCCTCAGGCAAGGCCAGGAGACGCAGGCCCAGCTTCATCTTCCCCAAAAAGCAGGATTTGCATTGCTACATCCCCAGGATGGCAGCCAGCCTCCAGACCTGGCCAGGAGCCTCTGCTATGAGGCCACTGT
peak.5204	chr2	65361095	65361228	65361162	134	+	1	0	1	2	0	0	NotDB	AACCACATGACCAGCTTTAAGCTTTGTGATATAGCTTTGCGCTACTCTTACTAATCTGTTTAAAGGATTAGGGAGGAAAGCAAATCTCCTCAGATGTGGTGCTTAAATTCCTTAGGCCGCTTTGATGCGCTTCT	ATTCTACCTTAATATGAGACGTCTGCTAAGCTCATATAAGAAGAAGCGGGTATTGCCGAGGGGAAGCAACTCTTTAACCTCTGCCTTGTTGAGCACAAATTGCCTGCTTTTAATCTAGGCTTTCATTGTGCTTT
peak.2233	chr12	101766470	101766603	101766537	134	+	0	0	0	1	1	0	ELost	AGTTAAGAGACTTTTTCTCCACTTCACAAGTCCAGTTAAGCCTCTTAAGGCTCTGAAAAGAGCTTTGAATGTTCTCAGAAGTAAAGGCCTTTGTGGTAAGCAGCTTTTGAGGGGCCTCATATAGGGGAAGGCTA	AAAGGAGGGCTCCTAGCTAAGAGGGGCAAGTCTTATTCTTGTACAACCCTCAAGTGAAAGCCAGTAGCTTTTCTAGAGTTGCATTTTTCTCAGAAAGAGCTTGCTCAACTTAGGTGAAGGAATTGGGTTCCTTA
peak.7810	chr6	124741497	124741630	124741564	134	+	1	0	1	0	0	0	KLost	AGTGCTGATTGGCTGAAAACAGCCAATCACAGCTCCTATGTTGTTAAAAAAAAAAAAAGAGCTTCGCGAGATTAAAGGCTTGGAGCTAAAGCCGAAGTGAATCGGACTTAAGTAGTGGCAGGCGATGTGGCCCG	ATAATCGGAAAGCAAGCGCCTTGAAAGCTGAAGTAAACTCAAGAATGCTTAAATAAGCTGTTACTTGAAGGAGCGACTTTCGCCCAGGCCCAAAAGCGAAAAGTTGAATAATGTGGGCGTCAGTGTGGAGCTGG
peak.5377	chr2	114143562	114143695	114143629	134	+	1	2	1	0	0	0	NotDB	ACTTTGTTTTCATGTTCCTTCTAAGACTCTCCCATGATCTGAGAATGCTCCTTAATCCCCGGTCTGAGGCTTCTCTACTGTAAATGAGAGCCTGGCTGAGCTGCACTCCCTCTCATTAATGATATCTATGCACG	ACTTTAAGTAAGATTCGCCTCATGAAATGATCCTCTAGCCCTTCTGTATGAACTTCCTATGAGTTGGCTCCCATGATGGTGACAGCTACCTCCTCTCTGCTCCTCAATCGCTGATTTTCTGATACTTCTGGCAG
peak.6443	chr4	104443218	104443351	104443285	134	+	0	1	0	1	1	0	NotDB	CAGCGTTTACTGGGCTTTATTATGAGCCAGAACTACTGTAAGCAGTTAATGCTTATTAATTTACTTAATCCCCGCAGCAGCACCGTGTGGTAGATGCTAATGCTGTCTGCAATCTACAGATAAATCAGAGTACC	CTCAAGTGCACAGAGTCTAATAGATATGCCCTTTGTAATGTGCAGAGGCTGCAATAAATTTTGCGCTATACTCTGCTGTAGTACCAGACTCGCCGGCCCATACATGGTTTAATTTACTAGCATTTAGTAAGAAC
peak.5871	chr3	67481980	67482113	67482047	134	+	1	0	2	0	0	0	KLost	CGACCCCCCCCCTTCATGTCCCCTCCATCTCCTAGAGGGAAAGACTAAGCCCTAATAGGATCAATGTGGTTTTAGTAGAGTAAGTAGGCTTATGCTATTAATATACGTGATCAAAAAGAGACTTCTCAGCAGAG	CAGCTCTAGAAGAAGAAGCTTAATAGATGAATAAGAGGAAGATCTCTTATCTATCTCATGTATAGGCTTCTCCAGTGTACCCCCAAGGCATAGGTTTAAATTACGTCCAGTGAAGACCCCCCCGGTACCCCTTG
peak.9123	chr9	21265123	21265256	21265190	134	+	1	0	1	0	0	0	KLost	CTTGAGAAAGGGCTGTAAATGGGCGTGGCTTCTCCGGCTCTGACCCATTGGTCTGAGATAAGGGCCCCCAGGGACGCGCTTGCGCCTGCGCGGTGAGATTAGGAGGGTGTGGTGAGTCCAAGGGAGGCGGACTG	CTGCCAGGTGGGAGGTAGAGAATGTGCCCGGAGCGGGTGCAGGGGCTGGGCGAACTCCTAAGCGGAGAATGCTCCTGTGTTTGCCTCTTTGAAGGCTCGACGGGCCGAGGGATTGCCTGTAAGGTCACCGGATG
peak.9405	chr9	63613579	63613712	63613646	134	+	0	0	1	0	0	0	NotDB	GACTGAGCCCAGGTCACAGTGCCAGCATCTCAGGGAAGCAGGAAAAGATGCACTAAGCTGGCTTTAGCTGGCTTTAGCTTTAGGCTCTGCTCCACACGTGGTCTCCCTTCTCTACACTGTATTGACAGTAGGAA	GGTGCTCCCTCACAGGAGCTTAGGGCTTTTTCACCACAGCACTGGAGCAGCGAACAGCAGTGCACTTCAATGGTAGGAGCCTCTAGAGGGCTAACCTCAACTTGTGTGTCTCCTATGCTTCTAGAGCTAAATGA
peak.6815	chr4	155495015	155495148	155495082	134	+	0	0	0	1	1	1	KLost	TGGTTCATTGGATTGTTTTTCTCTGCCCAACAGATTTGGCTCATGTCAGTCACCAAATTGGATTAAATTCTTTATGTGGGCTTTGGTTTTAGCATTAGTGGATTGGATTGGTAATAGATATTCTCGGTTTTATT	TCAGGGTATTTTTCAATTATTTGTGGTTGGAGTTGGGTCATGGCAATTGACTGAAGAATGTTGGACATTTATTTTCCATCTAGCCTTTCATATGGGGCGTAATTTTGCTATTTGAGTGTTCTAATTTCCATTCT
peak.121	chr1	59208019	59208152	59208086	134	+	2	0	1	0	1	1	ELost	GTTTTTAACTGCAGCATTGTGTCATCAGTAGTTAAATCCTATTATCCAGGATCCATTAAGAACTAGGTAATCCAAAAGTTTAATCTGAACTAGAAGTGGTACACAGGCCTAAATCCCAGCACTTGCAGACAGGA	GGGGTTTTAGACAATAGTAAAAAGCCATTAGTGTTAACTCTTACAATTATCCCTCTAGAGACTTTAGCAATGAAGTGGAGATATCAATGGTAGTCACCAGCCAACTCACTTGTGCCAATCCAAGTAGCAATTCA
peak.3876	chr16	96124947	96125080	96125014	134	+	3	1	3	0	1	0	KLost	GTGTATGCTGAGGACTTCTAAATCTTGTCATTAGCTGGGATTAAACCTTAAGCCTGCGCTGCACTTCTCCACAGCACCATCACCACACACGAGAGATTAATGCAAAGGCTTGTAACCCTACCGGTCCTCAAATT	GTTATTCTGTCAAACTACTTAATCATGCATCTAGATGAAGGACACGGTGCGGTCCTTGCTTAGACAATACCTGCCACCTTTGCCCAGGCCCGACTATTCTGGCATCAAACTCAAAGAAAGCACTACTGCCAGTT
peak.2878	chr14	33476505	33476638	33476572	134	+	1	0	1	0	0	0	KLost	CCACTTGAGCCTCTGCCCTGTCTGTGTTCCCTCAACCAGAGCTTTATTCCTCAGCTGTTGCTTCAGAGAGAAGGAGGATTATGTCCCCTGTGTTGGAGGTGCCTGCCAGAGCTGCCTGACCCTGGCTCCCGAAG	CCCAGTGACTTTCCTGGAGTGCCCAGCTGCTGAGCCCCAGATGTGTGCTGGTTTTGGAGAGAGGCTCCCTGTCCCCTAAGTGCCTCTTCAGCTGAGTCGATGAGGCAATCCCCTACAACTTCTTGCTCCTTGAG
peak.9297	chr9	50695282	50695415	50695349	134	+	0	0	2	1	1	0	ELost	CCAATACCAGGACTGACATTCTGTAAGAAGATAACTACATTAATTGGCTCAAAGGCATTAGAGCTCTCTAGAGCTGACCCTCTATGCACAGACAGTGAAGGCAGACATGGCCAGGAAGCTTAGCAGTCAGAAGC	CAGCTTCTACTAAAGGCAGCAAGATGACTGAAATCAACAGGAACTCAGCTCTCAACTGGAGAGATGCATCCTGTAGAGCTGAGGAGAGGGATTAATTTACAAGTGCCACCAGCAGCACTAGCCATATTAGTACC
peak.4249	chr17	80892675	80892808	80892742	134	+	4	5	3	0	0	1	NotDB	TTTTCTCATTCAGTGTCCCGTAGGACACTGAGTGAGTTTTATTAATTAGGACTAAGATTAATTAATTCTTAATCTAATTGGGACACTGTCCTAATTCCGTAGGACACATATTAATCCTTCCCTATGATGCTATC	TTGATAGACGGGATTTGTACCTGTTTAGAATATCAGATGGCTTCCATATTTCTCCCCTTTCCGAAGTATTACTCTACTTAGAATCTTTAATGTAAATTCCTCAAGGGATATGTATTCAGTGTTACTCAATACAC
peak.2871	chr14	32598575	32598708	32598642	134	+	0	0	0	1	0	0	KGain	CCCCCTTTAATATCATAAAGGCTTTCCGCCAGGGAAGCACTTAATAGTGCAGGGGGCCGTAACGGGCTATTATCCTGGTGTAATGCTATTACAGAACCAATTATGCGCCATTAGACTTGCTTTTTTTGCAGTTT	CTTCGCAGGGGACAGGCATCACCTTAATTAACCCATTTAGCTAGCCTTGTATTAATATGGGATTTGGTATGAGCGCCGGGTCCTTAATGTTTTTTTTAGCACCCCAAGCTGCGCTAAAACCTATAGGTGCAATT
peak.160	chr1	69296929	69297062	69296996	134	+	1	0	0	0	0	0	KLost	GTACTTATTGATGTCCCGGGGGTGGGGTGAGACTTCACACGTGCTAAGCAAGCATTCAACCTCTCAGCTAAGTCATCCAGGAATTAACGTCTGTCTAATGCAAAGTGACACTAAGTTCCAAGGCAGGATTTAGT	GGCTTGGGGCCACAGTGTCCTCCACCGAAAGGTCTAAGAACAATCAGAGCTAGTTGAGAGTCAATACGTATATGGGCATCAATTTCTGGTGGGTCAGTTAAAGTAATTGACAGCAACCGTCTTACTCTTGCACT
peak.5522	chr2	148873206	148873339	148873273	134	+	1	0	1	0	1	0	KLost	CTAGGAGCCTAGGTTTGTTCTCTGAGCATAAGCAAAGGCTCTGGGCTGCAGTGTGGGATTAACTCAATTCTGCTGACTGTGGCTCCTCAGGCTCAGACACGACAGCACTGGTGGAGAGCCAGCCATTCCCCATA	CAGAGGCACTGGGAGGGGAAGTTGGCTTACTGTTCCCAAATAGCCTGGTGAGCCCAACTGCTGTCTCTGCGCACACAGACTGGTGAGGCTCATCATAGCCCAAGCTGCAGGAGTCTATCAGATGCTCTCTTTTA
peak.1604	chr11	95419022	95419155	95419089	134	+	0	2	0	0	0	0	NotDB	TCTACAACAAAAGGTTGAGGTGAATCTTTCTTTCCATTCAATATTTTCTGAATAAGGAGGTGGTATAATAATTAATAGGCAGTTTAGAAAGGCTACTGACAAACAACAGTTCTGGGGATTTATTTAATGCCTGG	TTAAAGTATTTCAAATTTAGGATTCTGAGCTAGGGGTGGTCCTTAACTGACCAAACATTATATGAAATTAGGTTTTGTCATAACTTTGGGAGGATGTTTCAAAATCTGGGCATAAGACACTCATAAGCTTAAAG
peak.4747	chr19	12796158	12796291	12796225	134	+	0	0	0	0	0	0	NotDB	AGCGCGGGATAGTCGTGAGGCGCACGCGCAGGGCCAACTTCGCCGAGGGCACTCTGGGAGACGTAGTCCTATTTACTCTGCGCTTCCAGAGAAATCATGGGAAACTAGAGGCAGAGGGAAGGCTGGGAGCGTCT	AGTGAGCATGGCGGCGAGAACTAGCTCGATCGGATAGAAGGGCGGGAAGGCCCAGGCCTTATTCGCACAAGGGAGCTGTCGCAAGGTCTCTTACGGTAGAGGCTCAACTGGGGACAGCGTCGCGAGCTTGACCT
peak.6146	chr3	146393061	146393194	146393128	134	+	2	0	2	0	1	0	KLost	GCGCCCGAGCGACCCAGCGCTGAGATGCGCCATGTCGGAACTGCTAACCTCTCCCTGCTAATCCTCATCTGGAAGTACAGGCATTAGTGACAGAGCTATAGGATTAAGTGGGTTTGTGTAGGAAGCACTGAACC	GGCGCCTAAGCCATGGCTGCTTAAGACAGTGTGGGTGAGCCGAAACACCTATAGCTTGAGCCGAGAATCAGCTAACATGGCACCCAGCGTCGAGCTCTGATATAGGAATCGTTCCTGACTGGTGACCCTAGTTC
peak.5601	chr2	161604197	161604330	161604264	134	+	0	2	0	0	0	1	KGain	AACTGGACTAGCACACCCTACAAAGTAGGATATTTCAATTAACAATGTCTTCTAATTAGCTCCTGGTTAATCATACAATGCTATTAACCAGATGCAAGACACACTAGCCAGCCTATTAATACAATTTGAATTAA	ATACCTATAAGCCTCAAAATGAGCATAGTACTTGATCCATAAAAATAACTAATGAAGCAGGATTTGTTTTACATATAGACAGCTTGGGCCCACACACAGTACAAACTTATACCTCATTAACTGCTCTTCATTAA
peak.5867	chr3	65958878	65959011	65958945	134	+	0	0	0	0	0	0	KLost	GGATAACCCATCATTTATTCCCTTTAAGATGAGAGCTGTGGTTTTTTTGTTTTTTTCGAGACAGTTTCTCTGTATAGTTCTGGCTGTCCTGAAACTCACTTTGTAGACCAGGCTGGCCCTGAACTCAGAAATCC	GCTTATAGCTGAGCAACTTCTTTTTTGTACAAATCCCCTTTCAGTCATTGACTTGTCCCTCTGAGACCTTTGGAGCTCCTTTGAGTCAATGAATTACGACAAGAGAATGGGGTTTTAGGTTGTCCTTTGTATCC
peak.5406	chr2	120356334	120356467	120356401	134	+	1	0	2	0	0	0	NotDB	AGTAAGCTGCTCTCCTTGGCTGACACCTCTCCCCAGCTCCCATGCACAGAGATCAGGAACAGATGTCATTGCCTCCTTTAATCCCACGGAGCAGTGCAGAAGACTGACACGCAAGCTGTCTCTTCCCTGATACA	ACCATTTCTGAGCTGATTGAGCCCTGACCCAGCACTAAACTCTCTCCCCTGTGATGCATCTGACCAGTGCCTCTAAATTCCAGTCAGCGGAGACCTCTACAGTCTCCAGGGACAGCACGCTTCAAGATGCAGCA
peak.159	chr1	66831349	66831482	66831416	134	+	1	1	1	0	1	0	ELost	CCCTTTTCCAGGTTACACTTTATCTCAAGTAGATTAGAATCCGCATTAGCTGCATGTAATAGGATTCCAGGATGTAGGCAGATGTCTAGCTGTCACTGACGATCTGTCTTGCGATCAGCTCTTTCATTATTTCG	CCTTATCATCAACAGGAGATAGGAGCAGTGGAGCATCTGTTATCTCATAGCACCTAGATTGTCTTAATCTTTTCAGCGCAGTTGCCCCAGCTTTGACGTAATCGATCTCTTTATTATGTGTCTGACTTATTCGG
peak.260	chr1	89893458	89893591	89893525	134	+	0	0	0	0	1	0	KLost	AGACAGCCAACAAGGCTCTGTGTCCTTAGGTTTTAGCAGATCTGGGTCAGGCCTGCTTAAGTGCCATAAGCCTGGTGGCTCCCTGCCCAAGGCAGTGCACACTGAGGATCCAGGGAGAAGCTGACCTCCCGCCC	ATGGCAGTACCTTTCTGTTGTATGAGCCAGCTAGCCAACCAGTGGCAGTCTCCCAGACTGCATCCCAAACAGAGGAGAGCCCCCAGGTGGCGCTCCTCTTGGCCCACTGGGAAAAGGGAGGTTAGCTGCTCTGC
peak.2416	chr13	31911573	31911706	31911640	134	+	2	1	2	0	0	1	NotDB	ACACAGTGGAATATCTGAGAATCAACTGAAGAGATTGAAATTTAAAGCTCCTTCTAAGTCCAAGGAAGGAAAGGGGCAGGAAAGGGCAATGTGATTAAGGAAGGATATAAAGATTAGGATGAGGAGCCTAAGAG	AACTCAGGTAATGAGAAATGCCAAGCAGCTTCAGATTGATCCTAGGAATGGGATACTGGAAGAGAGAGAACTCAATTCCTTATGGGAAAGTTAAGATGGAAAGGAAATAATAGAGGCAAAGTTAGAAAGGAGGG
peak.1881	chr12	5337502	5337635	5337569	134	+	0	0	1	0	0	0	NotDB	CATGACAGCCAGTTCTCAGAAATGACTTCGCCTGCCCTGGGTATTCCCGAATAAATCTAAGGCAGGCTGGCAAAGCAGCTTATCTGGGATCAGCAGGAGGATGCTCCTTCCCGACTGCTGTGTGTGGGTAGCTT	CTCCGTCAGTGCTAGCCGGCTCCCAGAAGGACTATTGCCAGCCAAGGGCTGGTGCAGGATTGGCTCGTTTATGTGAACTGTCTCCATGAAGATGCTCTGACCATAAATAATCTTGGCTCCAGGAGGCAAGGCTT
peak.7589	chr6	55303220	55303353	55303287	134	+	3	1	3	0	2	1	KLost	TCTGAGCGGGACTGTATTTGGTGATGATATTTAAGAAGGTGATTAAGTTAGAATGAGGTCACCAGGATGGCCCTAATCCACACAACAGCGTCATCATAAGAAGAGATTAGTGCGTAGACACAGACAGACCTTGT	TAATGCTTAGGTTTGCATCAACCCTTTGAGAGCATGGGTGGACTGGAGGGACACAGATAGATAGTCACTGCCAGTGATAAGTACCGTAAGTTCGATACAACGAGATCAGAAGTAATGAAGAGTGATTTCACCAT
peak.7838	chr6	129522651	129522784	129522718	134	+	1	0	1	1	0	0	NotDB	AGGCCTATGGCAATTAACACTCAATTGTTAAAAGTAGAGGGATTAAGTAAAGGATTTATCCTTTCTTAGGTCAAGCTGCCAGGAGTTCTCACAGACTAGGCTGGTTAACTCTTTGTGAACCAGAAAAGAAAGAA	AAGGTTTTAGGGAGTAAGGATTAGTAAGTAGAAATTGGACTCTTACACTCAACTGCTTGCTCAAAGCTCAGGTTTCTAAGCAGCCTTCCATGTATAAAGACCTAATGTTTTGGGAAGAAATCACCAAGGAAGAA
peak.8814	chr8	72443742	72443875	72443809	134	+	1	0	1	0	0	0	NotDB	AACTCAGAAACTACAACTCCCGGCATGCCTTGGGATTATGACCTGGGGACGCTAATGGGTGCGCTGAAATTACTGGTCCCGTGACGCCCGGGATTGTGACCTGAGTTGCTCATTGGTGGGTGGAGCGCGGTGGC	ATGAGCCTGCGATGGTATATGGGGTGATTGGCCTGCCGAACGTTCTTGAACCTTGGATTTGGACACAGCACTCTCCTGTGGTGTGTACGGAACCTAATGGGGAACGGCGGGCTGCCTGCGGAAAGCCCGGTCAC
peak.9614	chr9	107723908	107724041	107723975	134	+	2	1	1	0	0	0	KLost	TCTTCCCTGTCTCCCCCCTCCCCCCTCATTAAGCCTCCTAAACCCGCCAGCTCCCTGAAGCAGGAAATTGCATTCTGCCAAGATTAAATGGACTTGAACGCCCTGCCTCTGCCCGCAAGGGAGGGGAGCTGAAA	TCAGCTGGGAATCCAGCCACCCCCTCCCTGCCTGGGTCGAGCCGCCCCCTTCCCCAAAAAAGAAACTAGGGATGATGGCCTGAGCTGCTTCGAAAGAATAACCCCATTTTCTCCTCTTGCCTAAGCTCCCTGCA
peak.1094	chr10	128577692	128577825	128577759	134	+	2	0	1	0	0	0	KLost	AAGGCACATGCACACGTAAAAGACATAGGCAAGCCAGATATGGTGGCTCATAGCTGTAATCCCAGCATTTAAAAGGTTAAGGAAAAGGATTACAAGGCGAGTAGGCTGGAGGGAGGGGTAGGAGAAGGAGGGGA	AAGGTACGAAGGCAGGGCTATAGAAGAGTCCCACAGGTGTTCAGGCTTAGGGCCATGGAGTTATTGAAAAAAGAGGGCAGGGAAACAGAGGGGCGAGGCTACAATGGCATAGGGAATATGCAGAGTATAAACAA
peak.6306	chr4	46595541	46595674	46595608	134	+	2	0	2	0	0	0	NotDB	AAACTTTCCCCTAGCCCGACAAGCAAGAGGCATCTGGACAACAGGGAAAAGGCTCTAGCAAATAATCCTTTACTTAATCTCCTGCTGTTGTAGGATGAGGTGCTAAGTGCCTGAGACTGCAGTCTCTGGCCTCA	AGAAGGTTCAGCTTCTCTTGAACATGCTCTTGCTGATATCAGAGTGCTGCCTAACTGGAAGTACAGTGTGCTGGAAAGCTAGGATCAAACTCCCTTACCCCAACCCTCAAAAGCTAGAAGGGCTTCGGGCCATA
peak.8634	chr8	18840974	18841107	18841041	134	+	3	0	2	0	0	0	KLost	TACACAGAGTAATCTGGAGGCTCTAACATGAAGGACAGGATGGGTGATAATACATAATCCTACCTCAGAGATTAGTAACTCTTAAGGTCTAAATCTGAAGATTGTGACAGGGTCACGGTTGCAATGCCTGTCAG	TAACACCATTAATGGCAGACAAATCTAGTGAAGAAAGGAGGATGGTAACCTGTTTACTATAGGACTGCTCATTGGTCACAGGTCTGAGATACAGATCATCCTATAGAACTGGGCTCGTCAGAATCTGTGGTAAG
peak.2996	chr14	60431665	60431798	60431732	134	+	2	1	2	0	0	0	KLost	CCTTCTTCCTCTCCTCTGGACAAACAGGGTATTTAAGCTTGAAGCTTAATCCGCCTGAAATCTGCTTTGGGGATGTGTTAATTCCTCTGGCCCATCTCTTGGCTCAATGGTTTTAAATGTCTGATTACTCTTCC	CTTATCTTTCCTTCCAATCTTGGGGTGGTCAATAAACTTTCTGGTTGAAATCCCAATTCTAGCTTGGTTTCTCTGCTACTTTGATCTGTTCCTAAAGATGCTGAAATCGGCTTCTATGCCCTCTGGCAGGACCC
peak.2492	chr13	46880870	46881003	46880937	134	+	0	0	0	1	0	0	KLost	CCCTATCCTGACCCCAACTGACGGACACAGCAGCACAGGAGGCGGCTGAGCTTACAGCCTGTATAAACCAATTATCTTGTGATAAAGGTGGCGGGAATGAGCGCACACAAATCCGTCTTTATGCCGAGCTGCTA	CTTTAGAAGCGAACTAGCAGGCAGCCTCAGCCATTATGGTACATTATGGAGTCGGATGACGGAACACGCAATCAAGCTACCCCTTGGCTACTGTGGACCGCAATGCCAAAGCATCTGAACCCCGGCTGTGACTA
peak.7737	chr6	100054345	100054478	100054412	134	+	3	0	3	0	1	0	KLost	GGCAAGGGGTGGTACTTAATCCTCAGGAGCTCTGGGCCCTAAACCCTATCTTCTTCCCAAACCCTAATCCCGTCAGGATTATCTCAATGAAGGATTTCCAGAGCCCAGAGCCAGGGTAACCTAGCCAGTGTCAG	GGCATCCCTTCTAACCTAAACCTCTTGACCCCATGGGGAGTTAAGGGATATGAGATCAGCAGGGAACTTAAAAAGCTCCATCATCCGTCCTTAGCCAGTCTTAGGGTAGCCAAGGTCCCCAGTGGCTCTCCCAG
peak.9388	chr9	61489532	61489665	61489599	134	+	2	3	2	0	0	1	NotDB	CCATCCAGGCTGCTTACAGATCAAGGCTAATCTGAGTGTAATTCCCTGCCCAGCTCGCTGCTTCCTTAGCAACACATAAATACAGATTAAGGGGTTATATAAATGCAATTTTCTAATTAATCAGTGCAAATCCA	CTCCTCATTATGGGCAAAAAAAAATTATTAGCAGTCCGCCTTCTGTCATTTTTGGCAAGCATAGCTTCATCAACTCTAATATAACCTGATAGAGCAACCACAGGCATGATATGCCTATTAGTCAGGCCCTGTAA
peak.7501	chr6	31591807	31591940	31591874	134	+	3	0	2	1	2	1	KLost	CGGAGGCATCTGGCCTGTGTGTTTCAACCTTTGTGCTAACCATTTGGGCTGACCTGCACTTAATCCTCTGATAAGATGATTATTAGATTAGATTGTAGATTAGCCTCTTGCCCTAGCTCCCAATCCCCCCCTTC	CAAATAGAAGGACCCATAATGCCTACTTAGAGCTTAGCTTCGCCCTGTCTGGTTGATGGAACCTGTATCTTCATGTGGCCACCCCTCCTTTCCTGCTGCCCCCTTTGATTATTGAGGATTATTCATCTTGTAGC
peak.1414	chr11	72072645	72072778	72072712	134	+	1	0	1	0	1	0	KLost	GAGATAGGGATGACCCAGCTCTGGAGGTCAGCTGTCCTGGGGAGCTGGGGTGAGAGGCAGGGGTCTTGAGATGGATTGTGGGCCAACAAGATTAACTCCGTGACTACTGTGAGTGTGGGGGACTGAAGCCCTGC	GGGAGTGAGACTGGTTATCCTGAAGGAATGACCTGGGCGCCTTGAGGTCTCATGGTGTAGTGCCTAGACTTGAGGATGGGTCTGGGGTGCAGAGGGGGGCAAGACAAGAGTGATCAGGACCTGCTGCTGGACCC
peak.8177	chr7	49504282	49504415	49504349	134	+	3	0	3	0	0	0	NotDB	TCTGTCTCTCTCTCTCCCTCTCTCTAATTCAGCCAGTGTCATATGATAATAATGGATTAGAAACCAGCAGCCACTGCCATTGGGTGATGGATTAGAAAGCCTGACAGCCAGTGCCGTTCAGTGATAGATTAGAA	TCTTCCTGTGCATATCAAATGAGTTAATATGAGCCACTGAGTTCAAGTATTCCAGGATACAGTGAGATCGTCTGCCTCTCTGGCTGTAGAAAGGAGATCTGAGCATTGGCCCCACAAAGCCATCTCTATTCCTA
peak.307	chr1	125337502	125337635	125337569	134	+	2	1	2	0	0	0	NotDB	GAATTGTTCCAGCCATTTATTCAGTCCTTTGAATAAGCCATATTTATTACTTCAATTGATTGCTTTGTCCATTTGGAGATTAGCTTGGATGAATGGAGATTAAGAGAGAGCTTGATTTAGATCCCTTCTCCCTC	GTTAGCATTCCATTTTAGAGAGGAGATTTTTGCTATTCCCCTCATCCTTGCAATGTCTTGAAAGAGACATTTGATCAGGTGAATTTGCTCCTTTATTTGAAGAGATAATTTCCTATATTTATGCCCTGGAGATC
peak.7575	chr6	52711842	52711975	52711909	134	+	2	2	1	0	0	0	EGain	AACTGCTAATTATGTGGAAGAAGTCCATTTTCAAGATTTAAGCCTGCTAATATCTGACCACTGATACTAGGTTGCAGGCTCTAATGCTATGGATTACTTAGATGTTTTCCTAAGACAGCCCAAGCCCCGCCCGC	ACCATGATACTTGCCCACTTAGAGAAAGCTATGTGCTTTTGTTTAAATTCTGTTAGGGCCCTATTGAAGCAATCTTCTAAGATAGCTAGCACTATAGACACTGGCCAATGGCGCCGAATTATCCCCTGAAGTCC
peak.4862	chr19	40612272	40612405	40612339	134	+	0	0	0	0	0	0	NotDB	GGGTGCTCTTCAGCCAATGGAAGGCCGTGTTGTTACGACCCTGAGCGTCCTTCATGCTGCTCTCCTCCTTAGCGGCGCGTGGTTCCCGTTACCTGGCAACCGCTGGGAGCCTCGGGGGCGAAGGCGTCTTTGCC	GACCGGGTTTGCGCAATGCGTCGGAAGCTGGGCAGCTCACGTCGGAACTTTTCTTGGAGCCTCTATGGTTGCTGCCCCCCTCTTTGAGCTCGCCGTCGGTCCGCTGGTAGGTAAGGGGCGCTGCACCCCTGTCC
peak.2581	chr13	63674774	63674907	63674841	134	+	2	0	1	1	0	0	NotDB	GATCAGCCACCGCTCTGGTTTGGACTTAATGCAGTATATCCCCAGGGCCTGTTGGCATTTAATCCCCATTGAGAGGTATTAAGAGGGTAGAGTTTTAATCCTATTATGACATTCAGAGGTGGGGCCTAGGGGGA	GCATGTATAGACGATTCCTTGTGACACCTCCATATTTTAGTATGTCCCTCTTAGGGATTCCCTAGGGGAAGGGATGGGTGGGCAGGGCATTTGGGCCCTATTTTAGTCCCAAAGAGGCAAGAGCATTGTAGATA
peak.5282	chr2	84868482	84868615	84868549	134	+	1	0	2	0	0	0	KLost	CGGGCTGAAAACACCCTCACCCCCAGTCTGAGTGAAAGAACCTGAGAAGCTTAAGGGCTTATGAAGCTTGTCATCTGGCGTCCTTCTACTCCTCTCCCCAGGAGACTGCATGCTCACTCGGCAGTTTGTGGTGA	CTGAAGCACACAAGGCTGCCAAAGACTCCCGGTGTGATCCAAGTCTTCTGAAGTCTTAGGCTTCCAAACTGGGCTTGGACGATTTGCTGCTCCTCTCCCTCCACCCAGAGCTGTGGTACCGAGTATCTGGAGAA
peak.2224	chr12	100159614	100159747	100159681	134	+	1	0	1	0	0	2	KLost	CGCACTACCACTCCTGCCTCAGAAATGGCGCCGTCTGGAGAGCTCTGGTTGGAGGACGGTGACTCGCGAGGCACTCTGGGAAATGTAGTTCTTCCTGCACTCTTTAAGGCTTAACTCCTGGGCAAGGCGGTGCG	CTGAAGAGGAGGATTTGGGAACCCCTGGGAAGGTTGTCTTTGGCGGCGGCGCCTCACTCGTAAACGCTCAACGCGCTGTGCTCTCGACACTAGAGGGCAGGCTCTGTCTGGTTGCTACTATCAGCCTCAACCTG
peak.7500	chr6	31587770	31587903	31587837	134	+	0	0	0	0	0	0	KLost	AGACAGGCAGGCCCTGCCCAGGCTCCCAGCTTAGATAACCCTGTGCTATTCCAGGAAGAAAGCCCTAAGAAGATAAACAGGCTGGGGCCAGCAGATGGACAGATAACCCGCCCTTATCCCCAAGGAGAGGGGAG	ACCAAAGAGAGGACCCTGGCCAACTGAGGACCCCCTAGCCAAGCCCGGAGGATAGCTGAGAGCCCCCCATAGGGCATAAGGGCTAATTCAGAGCCAAGGAATACAGCCTCTTTGCAAAGGAGGCCTATGGTCAG
peak.7353	chr5	140704718	140704851	140704785	134	+	0	0	0	0	0	0	KLost	TGGTACAGACTTAGGGCGGGGCCTGTGGAGACGGAAACCCGAGCAACACTGAGGGGCGGAGCCTATAGCAACGTGGAGAGGAACTTCCGTCAGGGGCGGTGTCTGAGGGGTGGGGCCTCGTTGAAGGCGGAGTG	TAAAGTGCTTCTCCGACGCCCGGGAGCCTATCCAGCGTTCGAGTGAGTGGGTGGTACTACAGGGGACAGTGAGGTGAAGCCTGGGCAGGAGGAACACGCTGCGGGGTGACTTGGGGAAACGGGAGCGGGGAGGG
peak.5669	chr2	179455157	179455290	179455224	134	+	1	0	2	0	0	0	KLost	AACTTGGCCTCCTTCGTATTCACTGTGTTTCCTTACTGACAGTGTGTGGGGATTTAGGGAGGATTAAGGTAAGCCTTTAGGGACAGATGAATATCCACAGGCACTCCAGGGATGCCTGTACCTCGCTAATAGTC	ATAGTCCCACTAGAGGAACTTTTTACGATAAGTAGCATGTATTCTCCCATTGGGGAGTCGGGCAGTCTGGGCTGGAGAATGTGGTATACATACTTTTTACCTTGTCTGCCTGACCAAGGGACTCTCAAGGTGCC
peak.6442	chr4	103815635	103815768	103815702	134	+	1	0	1	0	0	0	EGain	TGAGACCATCTGTCCTCTGTTGAAGGTCACTGGGGAGAAGGAATTGAATAAAGTCCCTGGAGATAAGTCTGGTACTTAAATCTAGATCTACCCTGTAAACATTTAGCCAGCTTGCTCATCTTAAGCCCCATGGG	TATATGCCAGAGGGATTACTCCTCACCCTGTGCCCAGGGTTCCTCTAAGATGGACTGTGTAATTTAGAAAAGATCATTGCCTCATGTTTCTCCAGTAGGAGAAAAAGGGGAAACCTGTGAATCTCTAGCTACTG
peak.7039	chr5	89872831	89872964	89872898	134	+	2	1	1	0	0	0	KLost	CACCCAGATAATCCTGGATAATCTATTTTAAGGTCACTTGATTAGCAACCTACTTTTACCTACCAACTCTATCCCCCTTTACTAGAGGCACAGACTCCAGGGGTTCAGATGCAGGTGACTGGGGGAGGGGGCAC	CCTTTGGGCCACTGTTCAGGTTACCCTAGGGGAATCAAGACAATAGTCAGGGGGGATTGACTCTTAGAAGCCATATCTGGATAGCAACTACCCCACTGCAGGATTCTACCCATCCTTTTTACACTAGGGACTAC
peak.7423	chr6	4889447	4889580	4889514	134	+	1	0	1	0	0	0	KLost	TATCTCTAGAGTTCAAATGAGAGCTTCATGTCCTCTGGATCAACTTCAGTGCAGTTAAGCTCCCTGCAGAATTAAGAACAGACTAAATCCACTTTATCAGAGGTGAGCTGGGTCTGAGCACTGCAGAGCCAGTT	TATCCCTCTCATAGACAATTTGCTCAAGGCTGAGCTGCTGCTGGGAGCTCAGTCCAGCACTGAGACACAGTTCTAAAGTGAGTAAAGTTCCTCAGTGTATCCTCTTTATCAGAATGAGAGAGGACAAAGCATTT
peak.8032	chr7	27588441	27588574	27588508	134	+	1	0	1	0	1	0	KLost	CTGTGCGACTTCCTCTTCTGGCTTTGGAACGATTGTTCCTTCTCAGTGAGGATCATCTCACTGTGGCAGGGGGAGCTCATGTGTGGGTTAATCCAGCCATGAGCTCTGTAGGTTCGTCGGCGCATCTTAGGTGC	CTCTGGCTGCTGTCTTCGTCAGTGGAGCTGTTCAAAGGCACCATCTGGCTCCTGGGGAGGGGCGCGGTGCTGAGTTGTCTCTTCTGTTGTCCAGATCGGAGTATCTCATATAGTGACCGATCACATTTTTTGGC
peak.270	chr1	92180488	92180621	92180555	134	+	0	0	0	0	0	0	NotDB	TTGGTCCGAGAGTCCTAAGTCCGCCCCACAATAGCCCAACAGCCAGCCCCGCTTCGCGGGCGCTGCGAAGGGGCTCCGCCTTCGTCCGCCCTTCTCAAAAGTTCCAAACCCCATTGGCTCCCAGCATTGTCAAT	TGAAGCTAGTCGGGCAAGCCCCGCCGCCGTTCTCTGCTCCGCCAAGGCATTCCCTGGAAATCCAAGTCACCAGCACGCTGGGAAAACAATTAGCCAGTCCGGCCCTCTTTCCCGCCGTCCCCCCGTCAGCATTT
peak.1466	chr11	78347543	78347676	78347610	134	+	1	0	1	0	1	0	KLost	TCAGCCTGCCCTCTGCTGGCCTACCTAGGAACTGCAATTCCCTAAGACCTCCCATAATCCTATGCACATCTCAGGGAACCCCAGAAAATTGGTGACTTTGTTGACCTAGAACCCTGTAGGTACCACTCTTCTAC	TTAAAGTAAGACCCTGTAAGAAATGCATCAGTGACCCACTCTCCTCCCAGCTTTGATACACTCCTCCCTACATACTATGGCCCTGATGGTTCACCACTCTGGGGCTTAACTCCCCTGAAGCCTTAGGCTGAACC
peak.6143	chr3	146193613	146193746	146193680	134	+	0	1	1	0	1	0	NotDB	TCGGGGCCGCCATGGCATCCTGTAGTTATTATATTAATGGCTTTTCTGGCTGTCGTGACAAATACCTGATGATAAACAGCTTAAGGGATGAAGGACTTATGGCAGCTCAGGGTCTGAGCAAGCAAAGCTGGTCA	TTTGTCTTGGGACTCAAAGTTCATCCTGCTATAGAGGGTAACTCCGGCCTCAGCATATGATCGGCATGACAGTTGCAAGCGGCATGGCCTGGTAATAAAGGCTAATGATGAAATAGGGTAGCACTGGCTTTTGA
peak.4305	chr18	3338530	3338663	3338597	134	+	1	0	0	0	0	1	KLost	CAGGGGATGTGGCTCAGGATTACTGTATTTGTCTGAAAGGTGAGTAAGGGCTGGGGTGGGAGGAGGCACTGTAACAGAATGCTGCTGTTTACCAAATTTTGACCAACACAGTTACAATTACAAAAAAGGCAGAG	CACAACACAATTCAAGGTGAAGGTTTGGTGGCCAGATGGCTGTGTATAAACAAGCCAGGAGGCTGAGGGGCTTCACTACTTGAACTTGGGGTTAGCTGGGTTGATAGAGATTGTTACATAAAAAGTGAACAAGG
peak.2148	chr12	84773136	84773269	84773203	134	+	0	0	0	0	0	0	KLost	AAGTGGAAGCGTTCTCTGTCAATCAAAGCCCTCTTATCTCGCTATACCCAATAGGCACGCTTGGGGGCGGAGGCTCGATGCAGCCCCGCCCCCTTCTCCCCTCCTCCGGAAGCCCAGGCTAGGCGGGGATTTGG	ACTAGGCAAAAGGCGTAGCGCGGCCAGAATCCATAGATTTCCCCTCTCTCGTCGCCCGCGGGGGGCTCCAATAAGTTGGCCTCTTTCCATAACAGCTCTGGCTCCCGGAGGGCCCTTGCCCCCTGGAGGATCTG
peak.5571	chr2	156344843	156344976	156344910	134	+	1	0	1	0	1	0	KLost	AACTTATCAGCACCACTGGGGGGAGTGTTGTTCTTCCCGGGCCAGGCCCCTCTCCCAAAGGGATTAAGGCTGGCTATCACCAGAGCAAAAGGGGATTTATCTCAGGCCTGTTAGTTAAGTAGGTAGCAGATTGG	ATTTAGCACTCAGCCCTTACTCCAAGCGCCAGACATCCATTAAGTAAAGGCTGGGGGGGAATCTGGCCCAAGGTAGGGTTAGGGAGGGGTCCCAGAACTAGAGTAATCATCTTGGTTCCTTGGCAGCCTGTTTG
peak.317	chr1	128244073	128244206	128244140	134	+	0	0	0	0	0	0	NotDB	ACAATTCCCAGGAAGCCTCACTGCAGGCGACGTCAACGTGCCGTAGCGGTTAGTCATCCTTCCTGATACTTCCTTCCACTTCCTGGAGTCGGAACCCGAGGCTTCGCGGGGGCGCGCACTTACGGACTTACCTA	ACTAACCGCGGCGAGCCTACCAACTTTGGGATGGTTCGTCTAAGAGGCACCACCACTCCGGCCCGACGCTTTCCGTTCAGTCGCTGGACGTTCCATCTTCCGGGCGCAAGGCTATCAGGTTAGACTGACCTCTA
peak.1270	chr11	54751643	54751776	54751710	134	+	2	0	2	0	0	0	KLost	TGAAAGCCAGTTCAACACAAACTGCAGTGGCTTATCTGGGTGTAAACAAGGCAGGGTGGAGGACAGCTTTAATCCTGGTTCAGATTACTCCCCAGGGACAAGAGCTCATCTGGGCCTGCGCTTCATCCCTATGT	TCAAAGTTCAGTCAAGCTTGAGTTGAAAGGTGGGGCCCTGGGAAGGGGCTCAACAAATCCAGCCTCTGCGTCTCAGCTGGACACAGCCAGTATGCCCTATACTCAGGGAATTTTGGCACCTTGTACATGATACT
peak.5689	chr2	181369339	181369472	181369406	134	+	2	1	2	0	0	0	NotDB	CTTAAAATCACAGACATCTGCCTGCCTGTCTCCCCAAGGGCAGGGATTAAAAGCATGTGCCAATGCTCCCTGCTTTGATGGATCTTATTCCCTTATAATTCTAATCCTCATTAAGCTGCAAATTCCTTCAATTT	CTTCTCATCTCTTTCCAACCAATTTCTTTGGCAGATGCCTTCCCATATAGCCTATGCAGCTGGCATCATGAAAAAAAATTGCTGGCCTAAAGGTTGGAAGATATATTGCTTCTCAATCCCTGTCATAACCCCTT
peak.7456	chr6	23936558	23936691	23936625	134	+	0	3	0	1	0	0	ELost	CCCCAAGGGAAGGACTTCTGGGAAAAATAAGCGCATTATCTCATTAAGGGGATAATTAGCTCTCCCTTCTCCTTAGCAAGTCTTTAGGCAAATAAGATTTCCTGTGGCCGTGGGGGATGGGAGGATGAGAGATG	CTGGGGGAGGGGAGATAAATCACCTTTAAAAGCTAAAGAGAAGAGAATTGGATTCTGCATCAAGGGCGGGAATCCTGCCCCTGCTCTTCTAAGGGTCGTATTCCCCATAATGATTAGCATTCTTGGTTAGGGAG
peak.2978	chr14	59027859	59027992	59027926	134	+	2	0	2	0	3	1	NotDB	GTCAGAGGAACCCTGAGGACAAAGAGAAGAAAAGGTGAGGGCTGAGTCAGCAGAAGGCTTTATGCTGAGCTCTCTAATCCTGATGTGCTCTCTTTAAAAACTGCCAGCATTTATTTAATCCCCACCTAAGTAAA	GAAGAGAATAAGGCTGCAATTCTCCACCTTCAGAGTTGGATCCTTGCAGCTCTGACCTTTGGAGAAGGCCCAGACTCATAGAAAAAAAGGGAGTAGCAAATGTCTGCCTGTGTAGAATCTAAGCTACCTTTAAA
peak.6819	chr4	155669256	155669389	155669323	134	+	1	0	1	0	0	1	KLost	GGAGGCTCTGCGCGTGACGCACTATGCTTAGGGTCAGGGGGCGGGGCTTATAGCTACCAAGGCACCCCGAGCATGACGTACACGTCTGGTCTGGTAGCAAAGGGACCGACGGACGCGTTATGCATGGTCAGCGG	GCACTGCCAAGGACACGGGCGCGAACTACTTGGGGGTCGCTCTAAGGTCGGGTACCTGTACACGGCTAGCGGCCAGATCCGGTGATGGATGGGGTATGCCAGCAGACGGTCGGCGCGTTAGACATTGCTAGCAG
peak.4966	chr19	56839996	56840129	56840063	134	+	2	1	1	0	1	2	NotDB	CTTCAACAAGTGCTGACATCTGGTGATTAACACACACTATTTAGCAGCAGGGGATGAAGTAGAAGGATTTATTGATGGTGCTACCTTCTCTCATGGTGACTCAGCCAGAAGCCTCCATGGCTAAGCTGGATTAA	CAGGGACTCAGGATGTTCACCTTGCTGCATAGAGGCCTGCTGGGAATACAGTAAAGAACACCTAAATCTCAGATGATTGGCTTTGAGTTCATATAGACACTCTTTTCAGGTATATGAAACTGTGGCCTGCAGCA
peak.271	chr1	92642010	92642143	92642077	134	+	1	0	1	0	1	0	KLost	TCTAGACCTCGGAGGACCGCGCCTCGGTGGCACTCGCTGGCCTGGCTGCAGGGCAGCTCTCTGGGAGCTAAAGAGGGCAGCGGATTAGATGACGGTCTAAGGACCAGCAACACCGCACAGCACGAGTTGTCAGC	TATGAGAGACGGAAGGAGGAGGGCCGCGCTGATCACGCAGCTCCTCTGGGAAGCAGGGCAGGCGCTTAACTCCACCAGGCACCAGAGGGCTGACTGCTGCAAGGTCTACACGTAGTCGGCTCCGCGCACTTGTC
peak.5535	chr2	152399457	152399590	152399524	134	+	1	1	0	0	0	0	NotDB	CGCTCACTTCCCAGTCCCTCCTTTTGCTTATCTTCAAGTGCAGATAAAGCAGTTTCTCCTTGGCTCAGTGGCCTTATGGATTAAGTGGGATAATGCTTGCAAACACGGCCTTGATGCTTAATAAAAAGTACAAG	CTGGGGGTCTGCCAACTTTGTTTTGACTGGAATAGATTAAAGCCTGCAAGTCATCAAGCGCCCCATGCAGTTGGCTCTCCCGCCTTTTATCTACTGTCTTCAAGCATTTAAAAAGCAAGATCTGTTAACTATAG
peak.5442	chr2	129243846	129243979	129243913	134	+	1	2	1	0	0	0	KLost	GCCTCCCGGCTGGGCCACCCAGGGGCCTTAACTGGGCCTCCTGGTCTAAGAATAAGCTTGTGTGTTTAATTAGGTCACTCTCCCGCCGACCTAGAATCTCTCTCTTCTCAGGGCTTAGTGTGGGCTGCCAGAAC	GTGCCTTGGCTCCTTTCGGGGTCTACCGAAGCCTGGCCGTTCTCAGGTAAGGTGCACATAGGAAGCCTTAAATCTCCCTGAACTCTGTGGTATCTCTTCCTGGCTCAACCCCCAGGGGCTGACCTTAGGCTAGC
peak.3819	chr16	76454079	76454212	76454146	134	+	2	0	2	1	1	0	KLost	CTTTGTCTAGCTCAGGCCAGCTTTTCCAGAAGCCACAGACTGCTGATTTAAGACGATTATTACAAGCCACGGACAGATTATTTCCCCTGGATTTTCATGTTTGTTCTTTAGAAGGAGGCTTAAATGGTCTCTAA	CTAGCTATTCTTTTTCGACAGAGAGTGAATTGAAAGGGCTCTCCAGCTGGACATCTAGGACATGGCTTCCCTCCTTTGCCCATTCACAGGAAGCGTAGTACACATTTTTTTGATTGCCTAGTTATTTTAAAGAA
peak.637	chr10	10208424	10208557	10208491	134	+	2	0	1	0	0	0	KLost	CTTAGGGGTAACATTAAGCTCAAGCCACCTGTTCAAATCCACTTTGTAAAAGGATTTTATGGAATGCTCCTGAGAACTGACTTATTCCACCGAGCATCAAGCAGTGCCCTACCGGCTTAGCTGCATGGCCCTGC	CCCTAGACTTGTGGAAATGAACAACCAATCTGTTACCTCATATTGAGCACCTGTTGGGGGAGTAAAGCGCTCTCTTGGCAAGCATTTGCCCAGGCAAAGCGCTTAGCTACCATAGCCTTTAACCCATGATTCTC
peak.322	chr1	129779497	129779630	129779564	134	+	1	0	1	1	1	1	NotDB	CTGAAGCCTTGAACATTAGCAGTGATTTGTATCTTAGCAATGAGTGAGCTGTGTCAGGGTTTATTTTTGTCCTGGTTGGGATTACGAGCTAAATCCCTTAGTCTAAAAGGTATTTTCAAGCCATGAACAATCTC	CTTCCAATGCTGTTTCACTGGTGCAGAGAAGAATCAATGGGTGTACGAAGCAGGTGTTATAATTTGTTACTTAGAGCAATATTTGGATCCTTTGATCCTGTTGTATTTCCCTTAAAAGGAAGTAGCAGCTTCTC
peak.2763	chr13	117599839	117599972	117599906	134	+	2	0	1	0	1	1	KLost	GAAATAAACTCATCATTGATAATCTCCGATAGGTCCTCAGATATCAAGTTCTTTCGAAGTATAAGAAGACACTTCACAGATAATGTACGGCAGAGTCAGCATAATTCTAATCCCCCCCTCCAAGGCGACTTTAA	GTAGCGGATTCGATCGAAATAATCCAATCACCAGAGACAGTTTTAAGGCTATCTAATAGCTTCTTAATTCTCCACCCTCAAGTTAATCACTAACATCCCTATGAGTCCAGGAATGATAGAATCCGTCAAGAACA
peak.4104	chr17	46703090	46703223	46703157	134	+	1	0	0	0	0	0	NotDB	TTTCTCAAGCAAAGCACTCACAGCCTGACGAAGTCTAAGAACGTCCCCTCTAATTCCCAATCAGCCGCCAGACAGATGGGACAGGATCTGGTCCACAGACTAGAAACGACAGGCGCTTAAGGAGATCACCCCTT	TCAGACCTTACCCACACTGAGCAGGAAAAGAAAGAACGTTCAGTCTTAGCCAGGCTCTCCAAAGCGCAAGTCTTGAGGACTAGACCTCTCAAGGACATAGCCATCCCGATTGGCAACGGACCGATCACCTCCAT
peak.8449	chr7	120960281	120960414	120960348	134	+	2	0	2	0	0	0	KLost	GCTGCTTGTCAAAATAAATTAAGATCAAAACCAATGAAAGGGATTAGGTGTGAGCCACTCAAACTTGGCTTTCTTAATTGGAAAGGACTTACAGTTAATCCTCCTTCTCCCCCCACCTCCCCCCAAAAAAACCC	GGGACCCCTAATGAAAAGGGTGCCCTTCCAATGCTTTATCCTTTTGACCTTACCCCTTCTGGAAAAAAGCTCCAAGACATCCAGGAAAAAAAAATGTTCCCACTTTGCAAACTAATAACATCCCTCAAGTAGTC
peak.4797	chr19	27185668	27185801	27185735	134	+	2	0	2	0	0	0	KLost	AAACAACTTTATGGCTATGGGCCACCACAACAGGAGGAATGTATTAAAGGGCCGCAGCATTAGGGAGGGTGAGCACCTCCGCTTTATCCTAATCTGTACACACATAGAGAGGCTTAAGGAGGAGAATATTAGTG	AACTAAGATACCTAACTATAGGGCATAGACATAATTGGGCAAGGAGAGTTCTTGCCCATACAAACTGAGGCAAGAAGTCTGAGCCAACTATTGGATATGCAGGGCAGCACAGGTTTTCCCGGTATTACGGGGAG
peak.1009	chr10	111493994	111494127	111494061	134	+	2	0	0	0	1	0	KLost	AACTTCTATGTACTGCAGTTTTTCTCGGTGTATATGCTGGCCTGCTGGCTTATTGTTAGGTATTAGGTATTAACAGCATGCAAATCCAGCAGTTTTAGATGGCTTACTTGATAAGTGGCAAGTAGGCAGGATTG	AATTCATCAAGAATTACGTATTGGCCTAGTTTGGATAGTGCATTGCTATAACTTGTTACAGCTGCTTGCAGCACTTAGGGCCATGGTAAGCTGGTCAGGATTATAGGGTTAGTTGCTAAGTTTTCTATGCTGTG
peak.862	chr10	79854181	79854314	79854248	134	+	0	0	0	0	0	0	NotDB	CAATACGGGGTTTTCTGCCCGCTTCTAAGATGGCGAAGCAGCTTGCTTTACTCTCACGTTGGAGGCTAACGGCTTCCAGTGCCTGCTTGCAATATGGAGGCAACCTCCAGAATGCACGCTTCTCTGCGTCTGAC	CATTTCGCTCACGCTTTGCACTTCATGTTCTCCGCCACTTTATATTGCGCTCCTGTTAAAGGCGCTATGTGGAGGCCCTGGCTCCGAAGAACTGGGCAAGGCGGCACTGTCTAAGCTCTTGCTGGACAAGAGAC
peak.9704	chr9	122234935	122235068	122235002	134	+	0	3	0	0	0	0	NotDB	GAATGAGACACACGTACTCAGGTGACTTCTTGTGAACCAATACCCTAATTAATAAAGGAGCCAATCACTTGGTGAGTAGGAGGGACTTCCAGGTTGGACTGAGGAAGTGAGGAAGCAGGAGAGAGTTAGGTTTT	GATAATGGAATAACCCTGACTTTCTGGATTTGAGTTAAGAGAGGTGAGTGAGGGGACAAACAGTGACTTCCAGCAGTAGAACAGTTAATCTTACAGCCCACTTGTGAAGGACGAGAAGGGACAGGTCTTAGGGT
peak.1567	chr11	89062903	89063036	89062970	134	+	1	0	0	0	0	0	KLost	CAGGACTGATTGATCAGGGCTGCAGAGCAGACAGACGCAGGAGCTGACTGCTACGCTAAGCCAGGATTCTGCAGAGCCTTTAAGCCTGAAGTCCACAAACATCTGTGCTAAATGGCTTCACCAATCAGGACCTA	CTGGCTTGCAACAGCTACTAGGCACGCCACAGGAATACAGACAGCTGAGAAGCCGGAATCCCATCTCAGAGACAGCCTGGCATTGGAGTGCAAGCTCTATGACTGCCTAAATGAGAAGCTTTCAGTCACTTGGA
peak.3485	chr15	89334751	89334884	89334818	134	+	2	2	2	0	2	0	NotDB	TCAGCAGGTGGAGATCACTGCCTCTTAATTAGTCTCCTCACGCTGGAAGTAGCCATCAGCTGGTTAAGCCGACCTTAAGTAGCCATCAGCTGGTTAAGCCGACCTTCGACATGCGCAAGGGATGAGATGGTTTA	TTGCTGAGCCCCTTCTAGTTGTCCAGGCAGCAGTATATAGGCACTAGGAGCTTTTCTCCGTAAGTGCTCGCAGACAGATCGGAAAGGGGATTCACTGTAAGACCTCGAAGCTCCGGAATGCCACATGTTATGCA
peak.9746	chrX	42071508	42071641	42071575	134	+	2	2	1	1	0	2	NotDB	AGTGCCCTTATTATTTTGAGGCAGGAAGATTATGATAAGCTGTCAATTCTTAAAGTTTATCTTTGGAGTAATCTGTTAATAGTGTTATATAACCTGTTAGCATTGATTAAGGTCATTGTGAATGTCCATTTGAG	AAATGCAATGTTTTTCAATAGCCATGAAGTTCTAGAGTACCAAAGGATTTTAAGATGTATTTTTCAATGGTTATGATGGTTCTGCTAGCTTAGATCCCTTATTTAGTGTATGGTAATTCTATGAGATGTTGTAG
peak.7037	chr5	88843185	88843318	88843252	134	+	1	0	0	1	0	1	NotDB	TGGCCTACTTTCAATAATGGCATTATATTTTTGATTCATCAAATAGAAACCCTCAATCCAATTAGCCATCTGGCTTAACTGTTCATCGATTAAGTGTGAATTCCCATCTTAATAGGTGTACATATTTATAAATA	TGATTCAATTTTGTTTATACATTCATGCAATTCTCCCCAAGGATAAATCTGAGTTTAAAGATATATCAATATAATGCTTTCATCCGCTAATATACTTTCCAATAAGTATGGCTCCTGTACCAACATGGGTTTAA
peak.1195	chr11	30026070	30026203	30026137	134	+	0	0	0	0	1	0	KLost	CGCCGGTTCGGAAACGCAGACGCCTCCTAGGGCCGAAACCTCACCTCCCTTTGCCCGCCTGTTCCCTATGCATCTTGGAAATCGTAGTCCTCTGTAAACCAGCTGCTGAGGCGAGCGCCTCTAGTGTACTACAA	CTAAAGTCCCCTTAACTCATCGCTTGGTCCAAGCCCCGCCCGCGCGAATGAAATCCTCAGCGGGTCTGACTCGGAAGGCTGTACTACCCGCGCCTGTAGACCACTCTCTGTGGTTTTACTGCCGCCTAGCAGAA
peak.7381	chr5	145201857	145201990	145201924	134	+	0	2	0	0	0	0	KLost	TGACAGAAAAACAAACCGAAGCGGAAGTGCGTAATTAACCCCGCCTCTGGGAAGAGGCCTCGCCTGCGTAAGGTCTTTCTAAGCGCCCTGGAGGACTAAGATGCATCTCTATGGTTCGCCTTTCTTATTTTACT	TCTCGCGCGCGAAAGCTAAAACTGTAAATATTTTCTCGTTGTAAGCATAGGAGGCCAGTTGCGACTTGGGAGAGAGGGCCCAGGATTGTTCCTATGAAAACCTGCCGGCCTACTAAACTCCCTCCGAACTTCTT
peak.2379	chr13	23699124	23699257	23699191	134	+	0	2	1	1	0	0	NotDB	TTGCTCACCTTAAGAGAAGAAGTGTTTTGTAGAGCTGGTAATTACAGTACAGGGCTAATACTTGATTAAGGTCATTACAAAGTCTACAAGGTCCTGGTGAAGCTTGTGATATGATTAGTGATGTCAAAACAAGG	TAATAAGGTTTATGAGGTTTGTACCAGGATAGTCTAAGGTTTAAAGACTGCATCAGCACTTCCACAGACTTAATTCAATGTAAAATGCTGGAGGAGTCTTGTACTAACAATGTGCTGGTTGTGAGAAGTAAGAG
peak.1272	chr11	54879612	54879745	54879679	134	+	1	0	1	0	0	0	NotDB	AAGCCCATGCGCGTACACAGCTTACCCTGACCCTGTGGGCAGGCATTAATAGTAACATCCTCACTGGGAGTGTTGGCTTCAGGCTTTTAATCCCAGCATTAAGGAGGCAGAAGAGGGCAGATCTCTGTGTGTTT	ACTTATCAACCACAGAGCCTGAGATTGTTAGTAGACCCATAACTAAGCTTACATCTTGGGCGATGCCCTGCCTGCCATGGGGAGCAGTTCGCAAGTGTCAAGTCTTAGGGCAGGCAAGGGCCTTTCATGTTGGT
peak.9699	chr9	122048324	122048457	122048391	134	+	0	0	0	0	0	0	KLost	CAGCACCAAGCTGACGACAGGAGTCTGGAGCTGTAATTTGCACTGACAGTCACTGGTGTTATCCGCTTATTGCCTGGTAAGCCAAATAGGAGATTTGTCTGATTCTGATCCTGGGGAGAAAAATGACAGCCCCG	CTGCTGAGTGTGTTGGTGAGAACTTGGCTTAGGAAAGAGCTGTCACATCCCCACATTGGCACTCCATTCGAGCAGCGAACTATAAGGTGGCCGATTCTGGCCCTGGACCTTGAAGAGATCACATAAAGTAATTG
peak.1508	chr11	83404186	83404319	83404253	134	+	2	0	2	0	0	0	NotDB	ACAAGTGTGTCTGGAGTAATCCTGTTTCCTCCCAGCTGCAAAGCTTCTCTCAAGTTCCTTAATCCTTGAGAATCTTAAGAGGCTTGCTGGCTGGTGAAAAAGAAATACATCCCTCCCTCCATCACCATGTGGGG	AAGCCCTTCTCAAGGAAAGTTGTTCCATGGGAAAATCACATGGCCCTTCCCCCATGAGCCCAAAGCTAGTCTAGGTGTCTCTGAATATCAACTAAGTCTTGAACTGCTTTGGTCTGATCTCCAAGTTCTGGCTG
peak.332	chr1	131527659	131527792	131527726	134	+	1	0	0	0	0	0	NotDB	CAGCCAATAAATAGTAGAGAACGGCCTGGACCTTAGTGTATCCACCAATAAGAAACTCGGGGTGTGTCTTCCAAGTTCACAGGGGGGAGGGTTTAAGCCGAGCAGATGCTGGCCAATGATCTTAGGGGCTGAGC	CCCAGAGGTAAGCGATAGCCAGCAGAGGCATTGACCTGGTGGTAGTTCTAGGGAAAGGCCTATGGCATCCTTTTAAATGGAACTGGACAAAAATAGTAGCACAGGTGGGGAGTCAATCCGGTCGACTCCTTGGC
peak.1315	chr11	61115918	61116051	61115985	134	+	0	0	1	0	0	0	KLost	TTTTAAGTAGCCATGGATTTGAGATAAGCCATGAGCCTCTTGCAGGATAAAGATAAAGCCACACATGGAAGAGGTGGCTCTAGGGAAATGCCTGACAAAGCAGCTTAAGGAGGAAGGACTTATTTCGGCTCAGG	TTATTTAAAAATAAGAGGATGACTATGCACCCTCTGATGGAGGGAACCAGCTTTCCTTGAAGGTTGGAAAGGGCTCTTAGCTTAGTCATAGAACAGCAAGAGATGGAGGGCGATAGCCATTGCAGCAAGGCAAG
peak.4334	chr18	16780667	16780800	16780734	134	+	1	0	1	0	0	1	NotDB	ATAGCACCCACTCTCAGGACAGGTGTGAGGATGAGCTGTTAGAGGGGAATTAGCACTGCTAAGACATCATGCCTCTGACTCATGGGTTATCTGCCCTACAGCCCAGCAGGTCCCAAGCTGGTTCAGCTAGGCAC	AGGGCATCTACATAAGAGACTGTTATGCACCCTCAGTAGCCAGGGCTCAGATGCTGAGCAAGCACAGACTTTGACCTGGCCCAGGATGCACTCTGGTAGGGTGGCAAGATAGGTCCTCTTCATCCCTGTAGCAC
peak.5797	chr3	35753038	35753171	35753105	134	+	3	1	2	0	0	0	KLost	GCAGGGATTAAAAAGGGATTAAAGGGCTCCATTGCAGATTTTATAGGCCATAGATAACTGAAAGACTCTAATTGCAATGCTGGATTAACTAAGACATGACTACTGAAACCAAAAGACAGATTTGTCTAATCACC	GCCTATATGGGCTAAATTGCACATAAATGCTCTCTAAGAATGACTAGGGACTAAAAATAGATGAATTTAAGTGAACAATCAGATTTGAAGGACTTACAAAGGACATCAGGGCACTTATTTTGACCCAAAGAGCC
peak.5708	chr3	8970437	8970570	8970504	134	+	1	0	3	0	1	0	KLost	CTAGTCTAAGCTGTTAGTGGTGTGAGCTAGTCTAAGCTGTTAGTGGTGTATCGAGAGCACCGTGGTCTGATGGGGAGATTATCAGGAGATAAAGAGATTGCCGAGCTGAAAGTTGCCAATTGGCTGACTTCAAA	CTAGAGGCAAGTGGTCTGCGCTACCCTGCAGTGCATCTGTAGAGAGGTAATAATAGAGGGTTCCGATGAATCGTCTGTTGCATTGTTTAGAAGAGGTGGTTGTGAGAAAGTCTGATTGGCTAGCTGAACTAGAA
peak.5581	chr2	157245865	157245998	157245932	134	+	0	0	0	0	0	0	KLost	ACATGGGAAAATACAGTGGCCATATGGGTTTGTCCTTAAATAGCCCCTACAACTGTGTCTCCTGGCCACTCAGCTAGGAATCCCAGGCACTGATCCTGACTAAAGCCCATGCTAATCGGTATCTACTTAAAGCT	AGCTCTGACAGGGTCCCTTCACTAAATTGGTAGCAATATAATACAGATTGTGTCAAAAAGCCTGGTCTGATTACCCCCCCTACTAGGGCAAACATATAACCTCGCCTGGCTCTGGCTGTCATGGAATAGCACCT
peak.3782	chr16	59437840	59437973	59437907	134	+	1	0	0	2	2	0	NotDB	GTTAATACATTTAAATGACTTAGAATAGTGTCTGCCACGTGGGAAGTGCTTAAGCAGTATTAGTTAGGAAGTGCCATCGTCATCATTTTCATCCGCATCTGCCCTGTGATGCTTTTAATACCATCCAAGCCCTT	GTCCGCACCGCAATAGAAAGTATAGATTGCAATGAGTCTTGTCCCCTTGGTCCTGCATTATTCACGCTTTCAAGGTTAGTGCCTATAACTTATGTTGAAGTATTTTGCCAGAGGCATACTTCCATATCAAATGT
peak.1234	chr11	49245882	49246015	49245949	134	+	2	0	2	0	0	0	KLost	TCAGGCTTCAGGCGGGCTGTTGGATTAGTTACCTTTAAAAGCCTTTCTTCCAGTGAGATAATAGGATTTCAAATCAGCCTGGGCTAAGGCTGAAGTGGATTACTCTGGCCGATGCAGGCTGCTCTGTTTTGGAA	TCCGGGGGGCAAGATTCTTTGTGGCTTTGGCTTCAAAGAGCTAGCAATCACAAGGCCTTTGAATTAGGTTAGATGCTTAGGAATGTGACCAGTTTGCCTTGATCGGGAATCTAAGCTCCTCTAGCTTGGTGCTA
peak.4184	chr17	66043890	66044023	66043957	134	+	2	0	3	0	0	0	KLost	GTGAGCCACCATGTGGTTGCTGGGGTTTGAAATCAGGACCTTTGGAAGAGCGTCAGTTCTGACTGTTAAGCCATCTCTCCAGCCTGAAAAGCTTATTGAAAGCCGTTTAAATCATTTGAACAGATTAACACAAT	GGAGGTGAATTGCAAGAAATGCTCACTGAAGAGATTGGTTGCCTAGGAACAACCTTGACTACAATTCTTAAAGCAAGCCCCAATCATGTGCCGTGATTCGCCAGGTTTTTCAATTCACTCTTGGTTGAAGTAGT
peak.851	chr10	77819339	77819472	77819406	134	+	1	1	1	0	0	1	NotDB	CGAGGGCAGAAACTACTGGCTTCAGGTGATTAACACCTGCTGTTTAACAGTGGAGGGTTAAGTAAAGGATTTGTTGCTAGGGTTCCTTTCTCTCAGGAGCCAGCCAGGAGCCTCTCATTGGTCAGGCAAGAGGC	CCAGCCAGTTCTGTTGTGCTGAGGAGGAGGCCCGCAGGGCAAAAGGTTTAGGCAAGGGGGCTGACTTTCTATTACACAGGTCTCTGATTATAGCTTGAAGGAGTCAGAGGTCTTTGCAAAAGGTTCTACACTCC
peak.3789	chr16	59638176	59638309	59638243	134	+	1	0	1	0	0	2	KLost	GGCTAAAATGAAACAACTCCTGTTCTTGAATCAAGAACACTTAGGTGTCTGAGCTGCTTTCTGAGAAGAATCAGCTTTCCAAAGGATTAGGTGGTTACCAGAAAAGCACTGAAGATTTAACATGTTATCCACAT	GACAAATAACTTCAAAGTTGGAAGGAGGAAGTAAATAAGAAGCACAAGACTCCCTGGAAGAACAAAACTCTTTGCTTGCAGTATCATCTGACTTGAGTCTCTAGACATTGGCCAATCATTGTGTATTGCCTTTT
peak.9528	chr9	86701326	86701459	86701393	134	+	0	0	1	0	0	0	KLost	TATGTCTAGTGGTTAGCATCCGGGGGCCTACAGGAATAGAAGTAAGCCAGGATTTAGCACCAGCCCTCCTCTGTAATGCCACGGAAAGCTGGCTTAGCTCTCCAGTGCAGTCCTAAGCAGGCTCTGTGGTGTGA	TTCCCAGCGAGATGTCCTCTCTAGTAGAGTGAAAGGGTCCCACTGGCTCCCATAGTAGGGTAGTGTGCCTGCAGGGCAACCAGCTAATGGCAGGCTTACCAGTAATAAGTCTTGCGCTGCTCAGGGATGCTTAA
peak.4433	chr18	42912310	42912443	42912377	134	+	1	0	1	0	1	0	NotDB	CTTTAAGACAGCAATAACCGAGTGTGATGCCAAGCATGAGACATGTCTGCGTGAAGGCCTTGTGCTACTGCATGTGCTGTAGACCGTGGAGATGGCCTTGCCTTGAAGGACAGGAGGACTCAGCGAGAGATTAC	CTTGACGTATGATGCTGTGATGCACGGTGAACCTGGAGAAACCAGCTGAGAGTTATGCAGCACGGGCTATGAGGTGAGAGCCAAAGCTTGAATACTAGCCCTGCGTTGACAGAGTCACCAGGCTGAGTTGATTC
peak.2120	chr12	82126915	82127048	82126982	134	+	4	0	2	0	0	0	KLost	CTGTGCTTGATTTCCCCTCACACCAAATGGGAATATTATTAGACCTTAATTCCTGGGCTTACGCAAAGGCTAATCCCTCCCCAGAAGGTTAATCCATGTAACAGCTTGCAGAACAGTGCCTGGTCTGTGTGAAG	CTTGCTGTTTCTAACCAGGCACCTTTAACGTCTCCAGAAGGAATCTGGGCCAGTCTCAATGATGGCCCTACCAAGGTTAAATGAACCCCTTAGCATGAAATACCCTGTTGTGCCTCAGAATGGCATTTATAGTG
peak.2962	chr14	55591639	55591772	55591706	134	+	0	0	0	0	0	0	KLost	TCTTCATTGGCGGCGACCTGGCCACCCTTCCTGATCTCAGCTTTACCGTCACTCCGAACCCTCCTTTTCCTCTAAAGTGGCCCACAGTCCCGCCCTCTCTGCCAGGACTTCCTGTTCCCGGTAACCCTGGCCGT	TGAGTTCTGCTCCCCACTGCGCTTCCGAGCCTATGCACCCTGTTACGAACCGGGGGTGCGGGACCCTCCTCGCGTCCCCCCTCCCCTTTCTTTGCTTCTCACTCACTTCCAGTCCTCATCCCCAAAAGGTTACT
peak.4605	chr18	77700766	77700899	77700833	134	+	2	1	3	0	0	0	KLost	TACAGCCAATGTAGCCTGAACACTCCTGATCTCTTCTAATCTTTCTCTGGCCTCTTTTATAAAGGCACTAATCCCACTCATTCTGGCAGATCTCTCATGACCTAATCACCTCCCAAGGCCTCACCTTACTAACA	TCCTGACTCTAACATCCTATGATGCACAAAAATCTACCACCCATCTCAGGCTGGGGCTACTCCCTCATTGCACTTCTCTCTGAAAGCCTTCTATAGATCTAAGTTTCACACTCCATCTCCCAGCTTTTAACCTA
peak.3692	chr16	33056182	33056315	33056249	134	+	0	0	0	0	0	0	KLost	AAACTAATCGGTAGCTATGGCAACGCGTCGCGCAAGCTCTTTTTTTTTTTTAAGTAGGACCCCTGATTCTTTCTTAGTCGACTACGATTTTGCCTTTCCTTGTTCCTAAATAATACGTGTTGCCGCTTACAAAG	AATTTTTGCTATGCTTAGTAAACTTCTTATATTACGGCTTTTCCTTCTACGCCTCTCCGAGTTTTTAAAGAATTTGTTGGTTGCCAAGTTTGTTCCTCGAACAACTATAGACGCGCGCGCCAAGGTTCTAACCG
peak.697	chr10	39541148	39541281	39541215	134	+	1	1	0	0	1	1	KLost	ATTATTAGACTCAGGCCGCCCGCCGCTGTTCCAGCTCAAGGACTCCTGCAGAATTATTAATCAGCTGCTTCAGAGGCCCTGTAATCCAGTGGCAGATCAAGGCTGATCTCACCACGAGGTGCCCTCCCTCTGCT	AGTGAGGGACATAAGGGGCTCCCTGCTCCTGCTCAGAGTCTCCGCCTCCCTATTCTTTTAAGCAGGCACATCCCCTCGATAATCCGTAAGCAGACCTGCATGAGTTGCCTCATGCTCACAGCTGAGCGCCAATT
peak.5256	chr2	77777400	77777533	77777467	134	+	1	0	1	0	0	0	KLost	GCTCTTTCCTAGACCAATCAGTGACCAGGAGGTATTTGCAGTCACTGGACATTGAATGGACTCGAATGGCCTTGTATTGTAATACGATCGGATTATGTCTAGTCCAAATGCTGTCTGTCCTCTGCAGGGCAGAC	GGCTGGTACGCCCATCCTCTCATCTCCTGAGAAAAGTTTGTTCAGTAACAGCACTGGTATGTGGCAGATCCTTATTGTGGATCAAGGATCTTTGTGGTATAGCGCATATTGACGACTCAATGGAGACTGACTCC
peak.5219	chr2	71742781	71742914	71742848	134	+	0	2	0	2	0	0	NotDB	TTCTTGCAAACTGCAATTGAACATGCAAATCTAAGGGACCAGCCGTACAGGAGGCCAGCCAATATGTTAAGGCTTTTAATCTGCTTAATGGGATAAAGGTTGGGCATAATTAAATATCTTTGAGCTTGAATCTT	TTGGGGTACTCTGCAAAAATGTCTAAAATGGGGAGTCCAGCGATATTTGCCCAGCTTGCTTTTTAAGCTGACATCTTAGAAATAATATTGCAATAATAGGGGAGGCTCCAACACAATTTTGAATGCATAAGCTT
peak.4017	chr17	29956041	29956174	29956108	134	+	0	0	2	0	0	0	ELost	CTCATCTTTTCTGTAAGCTACTTACAAGACACCTGTCACTGGCTGTGACATCTGGGGAATCCAGGATGACCTCATCCATTCTATCTGTGAAGATCCCTTTGCCTGAAGAGGCTTACTCTGGGGCACTCCTGAGC	CTACTCAAACCTTGGCTAACACTTCCCTCACTGCCAGGGATCCCTGACTGGGTGTGATTGCTGAGCTACTGGACACTCCTTGTTTATCCATCATGGAGCTGGGAGATCTCTCTTCAATAGATTCTGTCAAGAGC
peak.1683	chr11	101669618	101669751	101669685	134	+	1	0	1	0	0	0	KLost	GGTTGGCAGATGAGAGATGGAAAAGCCAATTGCTTTGATGGTCTGGTGGCGAGAGGGGAGCCCTGAGGAATTCCTGTTTAGCTGGGGGCTGAGAGGATCATTGGAGGCTTTGGAAATAATCCTGCCTTGGCCCA	GGCAGAAAAGGAGCAGATATGGATAGTGCTGAAGGCTTTGGTTGGATTTCTTGGGTGGCGAAGTTGCTTGAGGCCATGGAGAGATGCCATGGGGGAGCTCCCTTGGATCCTGGCCCTTTGAGGGAAAATCCTGA
peak.6639	chr4	134187267	134187400	134187334	134	+	1	0	1	0	0	1	NotDB	CGGACCGGTACGTCGCTCTGCGCATGACACAGAGGCTACTTAGCTCGGTCTTCTCGCACCATACCTGGTCCCGCCACTCGGTGGCGCTGTGTCCCCGCGAGGCTTAGGGTGGCCTGCCCGGCTTTGGCTATGTT	CAGCGCTTCTTTTTGGCTCTCCGCGACTAGGTATGGTGCTCCTGGCCTGGCCCACTACCACGCCGCCTTGCCTAGGAGGGGCGCGTACCTGGCGCGGATGTGGTGAGTCGTATCACGGTCGCTCCCACTCACGT
peak.3725	chr16	36886115	36886248	36886182	134	+	1	0	1	0	2	1	KLost	TCTTCTGTTTCACCAGCAGAGATGCTGAGCCGATTATCGGGGTTAGCAAATAATGTTTTGCATGAATTATCAGGAGATTACACTGACTGGAATTTGATGGCTTCCTCAGACGCTGTAAGTAGCTCTGGTGCATC	TATTTGGTTCTGGTGACGATTGCTTCATAAGCTGCAGTTGCGCACGCTTTATGATTGGAGTGTTGGATTCAGATTGAGGCAAGCTAATCTCAGGAGAATAACCCCTCTGACTAGATGTTCAGGCATAACATCTC
peak.1151	chr11	18911502	18911635	18911569	134	+	0	0	0	0	0	0	NotDB	TGAGACGGGAGATGCAAGTGCCACTGGGAGACCTGCGAAGCATTAAGAGAGCAAATGAAATTACCTCTAGATCCTACAATAAGAATTAACGATTGCAAAGGGAGGGCTAGGCGTGCGCGCGGTGGCTACAAGGG	TATTGAATTGGAAGCCTGGGCAGGCCGACATATGAGAACAGGCGCTGCATATAAAGACGAACGCTATGGGAAAAGACAGCAGGAGGTGGGGCTAGCGAAGGCCCTACGAAGAAGTTGTTCAGCTACGAAATCTG
peak.8185	chr7	59237563	59237696	59237630	134	+	3	0	2	0	0	0	KLost	GGTCAGAGGATAGTTAGGTAGATTAAGGTCTCTCAATTTTTAACTTTAATCCCAGAGTGTTTTTTTTTTTTTTTTAAAGTGTCAGGCTTATATGGCTTTATCCTACTCATGGAGATAATCTCAAGAGCCATACA	GTAGATCCTTTTATGGAGCTTCACAGCAATTAGATATCAGGTATTTGGATCCAGGTTTCCTTCTAAGAGTAAGCTCAAAATGGTTTCTTTTCAGTTTAGTTTTATTTATACCTTTTCTTAAGAATGGTACAGGA
peak.9247	chr9	45805115	45805248	45805182	134	+	1	3	1	0	0	0	KLost	CTGTGCGTGCCAGTGTCCTTCAGAGCAGATAAACTTGATGCCATTGGGCTAATTAAAACTTTCAGGATAATCCGTGGCTTAGCCGGTATTTATAGTACTATACTAGTTATTAGAACTAAGGGAGAGCCAGTGCG	CTTAGTTGGACCTATAGTTAAGCTTATGCAGCAATAGCCGTATTGGCAGGTCCTGGGCACAGTGAACGTGCTAATAGATTTATAAGCCTGCCGTAGAATAAAACGATTAGTTCTCTCCATTTGTGAGGACTAGG
peak.4461	chr18	51828832	51828965	51828899	134	+	3	0	2	0	0	0	NotDB	CCGATACCAGATTAATCCTTCTAAAATACTATTTTCACTGCACTAATCTTTTTCATAAGCCTGCAAAATCCCCTAATGGCCTGTCACATTGAGTTCATGTTCCTCCGCTTGTCTTATCAAAAATTCAGACACAT	CTTCCCTATAAGCCAATCTCTCAAACCGTTGCTGAAGAGCATTCAACTTCTTATTACACCATCTTAGCATCTAATATCTTCATTGGCGAACCATTTCACCTGTTCCCTGACCAATAAAATAATGTTTCAATTGT
peak.1665	chr11	100398043	100398176	100398110	134	+	0	1	0	0	0	0	NotDB	CTTCTTTATGATTGGACAGAGGGCTGTCAGTAAGACTAAGGAAAAAGCCAATGGATCAGGTGGGGCGTGACTTGCCCCACCCTAGCCCTGAGCAGGTAAGACTCATTATTCTCCCCTTCCCCCCCTACCTGTCC	CTTCCCCCCTAGGCAAACTAGGGCCATGGGTCATTTAAGAGGTCCTACCTCTGCCCTTAGAGTAACCCCTGCTGGAGCCAATGTTCTCCCTTCATGCCGACACCCACTTGGAGTTGAGGAATATGAAAGGAGTC
peak.2953	chr14	55060061	55060194	55060128	134	+	1	0	1	0	2	0	KLost	ATCCTTCAGACACAAGGTCCCCTAGTGCACACTGCTTGCTGTCTGAGGGATTAGCACGGCTCAGTGAGGCCTAAGAGACTTTGGACTGGTGTGCGCTGACCTGTCAGCAGCTCTGGGGCTTCTGGGAAAGTGTA	AGTGACAGGTAGTGCCTCCAGCTAGCAGGCTATGACGAAAAGGATTTTTCTGTGTTCCTGTGCACAGCTGAGGTCAGCTGCCTGGGACAGGGTGGCTCTCGGTACTGACTGCTGAGAACCACTGGGCTCTTCCA
peak.3744	chr16	38953958	38954091	38954025	134	+	1	5	1	0	0	0	NotDB	TCTGTGGGACTTAATCTGTAGCCATCTGCTGCTGGATCTCATTATGTTCTTCACGTAATTAGAGTAATTAGGATGAGGCTTGTGCCGTACATTAGTCTTGGGAAGGGGGCTGAACTATTTCAAGGCTTGCTTTG	TGATTTTAACTCGGTGGCTGCTCTTTAGGCTTTATTCATTCTCCTCTGGAGGGGTCGTTGTTAGGCATTGACTTGCAAGACTGCTACCTGGATGTATAGTAAGCTTGAAATGTGGAGGCAGTAATCATCTATGG
peak.6708	chr4	142593465	142593598	142593532	134	+	1	1	2	0	0	0	NotDB	ATAACCAAGAGACTTCAAGGCTCCCTGGCAGTGTTGAGAGGTGACCTATAAGCCTCTCAGATAATCACTGTTTAAGAAAGTAGGTAGGATTATGTACACAATAGAAGGCAAGAGCTACTTCCAACGGCAGGTTA	AGGAGGACCCTGTCTAACAGGTACAATGCTAGCCATAACAAGAAATTACGCACTTTAGAAGGAGAGCCACAGGACCCTTGTGGGTCTCTCAAAGAGATCTATTTAGGTATTGCTAAGAATAGTAAGTGCAGTCA
peak.5805	chr3	37365171	37365304	37365238	134	+	0	0	0	1	0	0	KLost	CGTGTTGACTGTACAGTGTCCCTTGCATTAATCCCTTTAGTGGCCGCCACTGCTTTATCCTCAGTACTTTATCCCCTGCTGTAATTCCAGCCACCCTCCTCTGTGTGCCAAACTGCATGTATTGCCTGTATGTT	CCCCACCAGCCTCTAGTGAGCTGCCCTGTTCTTGTTTTACCATGCCTCCACCATAGCGCCATGCTTATATAACCAACTGGTCTCATATTTGTCCTGTTGTCTTCCTGTAACCTGTGTGCCGTGTGTTGCTAATT
peak.1391	chr11	70017086	70017219	70017153	134	+	2	0	2	0	0	0	KLost	GTTACCTGGTGACCTGGGGAAGAATGGAATCTAGACCGATTGTCCACTTTACTAGCTACAACTGCGTAGGCTGAAGGCAGCTCAACTTCAATCTTGGCGGATTAGGGAGATTAAATCGAGAGAAGAGAGATGTC	GATAGCTGGGTAAGATTTATGAGAGAGACGTTTAACCTTGGGAGTGAAGTCTGGGCATCTCCTTTGCTCGAATACTATGACGGGGCCTAGAAAGAGCAGACTAGAAAACGGAGCTTGTCAATGGACACATCCTC
peak.428	chr1	154574208	154574341	154574275	134	+	3	2	3	0	0	1	NotDB	GCATAGGTGATTAAAGGGAATTTATCAGGGATTATCATTTAATAAGCTCTTCCTGGGTCTATCTTACCACAAAGAATAACTTATAATCCTCCCCAGAGGAGAGAGCCTCTATCACTCTTATCTCTGATGAGCTG	GCAGCTAAGTTTCTCTTTAGCTAGGGGATAGATTGAGAAATCAATCTTATTCCTTAATAAATCATTCCTATCAATAGGGCTATGGTGGATAGACCCCAGGATCCTCTCAGACCTGATTCTCTGACATACTAAAG
peak.3108	chr14	84443349	84443482	84443416	134	+	0	0	0	0	0	1	NotDB	CTTAGCGCGGGCTCTGCGGGCCTTGATGCTCTCCGGTCGGACTCAAGCTAGTCAATGACTCTAAAGAGCTGGGGCTGCTGGCCCCGCCCCCGCCTGCCGTTTCTCCGCCTCCCATTGGGCGTGGGCCGAGAAGG	CCTGGGGGCCGGGAGCGACCTCTCGGCGCAAGAGAGGCGCTCGTGCAACCTCCCTTCCTTCCCTTGGGAGAATTGCTCGCGTAAATAGCCCGGCCCTATCTGCGCTGCCGCTGGGCCTGCCTTCTCAGTGGGTG
peak.7985	chr7	19228755	19228888	19228822	134	+	0	0	1	0	1	0	NotDB	AGTCAGGGGCGTCACCGCGCGAGTTTGGAATGCAAGCCAATAGAGAAGAGGGCTTCTGGCGGTTGACGTCTACACCAGCCAATAGGATGAGGTGTGAGAAACACCAGGGTGGAGCTTATTGTCAGAAGTTAGGG	AGAGAGAGTGCGTCGTCATAAAGATTCACCTTAGTGCCAGCGGTAAGCAATGGCACCCAGTGAGGGGTAACAGTATGACAGCGATTTGGGTTTCCTTGGGTCTGAGAGGGGGGACGCAAACGAAGCAGGCTGAG
peak.8485	chr7	126797252	126797385	126797319	134	+	2	0	2	0	0	0	NotDB	CAATATTCACCCCCTCCCTACCTATTAATCCCTTTCTCCAGATCCACCTCTAATCTTACCCCCCCCCCAGAGTCTGCCCTCTTACCTTAATGCCCACAACACCACCCTTGGACTTGATAACTTGGGGGAAGGGA	CACCCCCCTACCCTATACCTCCAATACTCTCAGGCCTTCCCTAATGGGCAACCATGTCCATAACCTCCAGATGACCTTCCTTCCCTACCCCAACTTGGACCTTTTAATTTCCCACCCTCCTTGATAGGGAAGGA
peak.9755	chrX	57892454	57892587	57892521	134	+	0	1	1	1	1	0	NotDB	AATAAAGCCAGGAGCAGGTGTCAGCTGCTCCTGCAGTCAAAACAACTTAATAAGATTAGGCTCTAGCACACAGAGCTTAGGGATCTCATGGCTTACGTTAAGTAGGATTCCATTTTCATTAAGGGGGTAGACAA	AGTAAGAGCCAGTTCTATTGGTACATGGGCTTTTGGGGCATTTCATAGGCTCTAGGAAAGCATTCCAAGTTAGAGATAGCGCAGAACAAGCACTGGTAAAGGCTTCTATACCAGTAACTCAGGAACTCAATCAA
peak.9378	chr9	60603065	60603198	60603132	134	+	2	0	1	0	0	0	NotDB	CTCCCCTCCTCCCACAGACTCCCTGCTGCCTTCATGTCACATGTATCCTTACACTAATTCACTGGATTATCTGAAAGATTAACATTAACATCCAATCATGGTTACAGCTGAAATAGAAAAACTATCATAGAAAC	CAAAGGCTAACTACATCTGCATTGGATGAAATGTAAATCAACCTCCTCTTCAGACCATTCAGCAATTTATTAGTCTCCCCTGTACTATGAGATACCTGAACCCTCAAATGATTACAAATCCATCTCACTACCAC
peak.9711	chr9	123496490	123496623	123496557	134	+	4	1	3	0	0	2	KLost	TTCCCAATAATGACACAGAGAGACCAAGATTTATTTTCGGCTTAAATACAACAACTAGGTATTATAATACTATTCTAATCCTTTAATCTAATCTGGCTACTGTTGTGGCTGGCCAGCGACTCACATGTCTGGGT	TTGTCCTCTAGTTTATTTCTATAATACACTTCAGTAATAAATGGACATTCAACTGGGACGTCACTAGGGGAATCCTATCGACCAAAATGCTAGCTAAGTTTTGGCATTAAGCACACTTATGCTATGACCCTGAT
peak.5739	chr3	19405166	19405299	19405233	134	+	1	0	1	0	2	0	NotDB	TGCAAGTATTGAGAGGTTCCGGAGAGTACTAAGCAGGTAATGTAAGTAGCATTTGCCAGCAGAACAGCTTTTACACTGTGCTTACAGACGTCTGAGGAAGAGCAGGAGGCTTAGTGAGCAGAGGATGATATTAA	TGCCAGCATGAAGAGCAACTAGATTGAGGGCTAGGTTAAGGAGCTATAGCTTTGGACAGCAGGAGAGAAGATTAGTAGCGCGACTTAGACACCTGGTTTTGTGTCACAAGAGTAGTCATTATGTAGCAAAGTGA
peak.3452	chr15	84260517	84260650	84260584	134	+	1	1	1	1	1	0	NotDB	ATAGCGTTCCTGCTCTCAGCCCAGTTTGGGGGCGGGGGGAGTGGTTCTCCCCGTGGCAGGTGTACAGTAGAGCTCTTTTGTTGTTGTTGTTAATGGCTTAATGATTTAATCTTCTTATTTTCTCAGCAGAACCG	AGTGTGTTTTTTTCGTAACTCATGCCGTTTCAGTAGGTCCTCGGTGCCCTTCCCTGATTTCTTTAAAGGCATGTGGGCGTTAGGGATGCCAGGCTCAAGTACTATGGGCTTTCAGAGGAGGGCTCTATTTTGTG
